Time,ID,Bus,DataLen,
1521.999722,0x37F,0,8,
1522.009771,0x536,0,6,
1522.019842,0x4EF,0,1,
1522.029910,0x496,0,8,
1522.039975,0x6C1,0,8,
1522.050041,0x002,0,8,
1522.060160,0x2D8,0,8,
1522.070236,0x003,0,8,
1522.080336,0x641,0,8,
1522.090469,0x087,0,8,
1522.100601,0x316,0,2,
1522.110733,0x123,0,1,
1522.120812,0x6F7,0,5,
1522.130991,0x346,0,8,
1522.141258,0x229,0,8,
1522.151548,0x423,0,8,
1522.161821,0x4B5,0,8,
1522.171942,0x57E,0,4,
1522.182089,0x47A,0,5,
1522.192298,0x611,0,8,
1522.202427,0x774,0,3,
1522.212556,0x6E5,0,8,
1522.222694,0x433,0,8,
1522.232795,0x6E4,0,4,
1522.242870,0x452,0,8,
1522.253075,0x4ED,0,8,
1522.263350,0x6FE,0,1,
1522.273457,0x268,0,5,
1522.283613,0x6C5,0,8,
1522.293718,0x63E,0,8,
1522.303826,0x26B,0,1,
1522.313944,0x696,0,1,
1522.324091,0x3BB,0,4,
1522.334182,0x0C5,0,5,
1522.344463,0x629,0,6,
1522.354747,0x370,0,8,
1522.364862,0x4EA,0,5,
1522.374975,0x7EA,0,8,
1522.385054,0x13E,0,8,
1522.395132,0x391,0,1,
1522.405210,0x63A,0,8,
1522.415356,0x4F8,0,8,
1522.425429,0x68E,0,1,
1522.435572,0x32D,0,3,
1522.445782,0x50E,0,8,
1522.455911,0x641,0,8,
1522.466005,0x3CD,0,7,
1522.476086,0x69A,0,8,
1522.486248,0x0EB,0,8,
1522.496390,0x7BD,0,5,
1522.506673,0x635,0,8,
1522.516745,0x4B2,0,8,
1522.526853,0x583,0,8,
1522.536973,0x43C,0,1,
1522.547122,0x36B,0,8,
1522.557267,0x451,0,5,
1522.567503,0x04B,0,8,
1522.577698,0x6DD,0,8,
1522.587773,0x0A9,0,8,
1522.597858,0x42C,0,7,
1522.608015,0x375,0,8,
1522.618293,0x531,0,2,
1522.628422,0x744,0,8,
1522.638728,0x6CA,0,1,
1522.648877,0x32A,0,7,
1522.659027,0x745,0,8,
1522.669176,0x1B5,0,7,
1522.679292,0x47F,0,8,
1522.689509,0x094,0,8,
1522.699628,0x5F9,0,8,
1522.709757,0x089,0,8,
1522.719941,0x5A4,0,4,
1522.730158,0x393,0,1,
1522.740302,0x7AE,0,8,
1522.750378,0x68B,0,8,
1522.760454,0x1F3,0,1,
1522.770739,0x648,0,4,
1522.780816,0x143,0,8,
1522.790932,0x2EF,0,8,
1522.801077,0x5BC,0,8,
1522.811353,0x695,0,1,
1522.821640,0x779,0,8,
1522.831791,0x0F9,0,8,
1522.841917,0x782,0,8,
1522.852037,0x4B3,0,8,
1522.862257,0x58C,0,8,
1522.872549,0x7C5,0,1,
1522.882751,0x611,0,8,
1522.892874,0x7B1,0,8,
1522.903087,0x794,0,8,
1522.913326,0x199,0,7,
1522.923625,0x03C,0,1,
1522.933710,0x0AC,0,8,
1522.943789,0x56E,0,8,
1522.953965,0x18D,0,8,
1522.964148,0x1B5,0,2,
1522.974257,0x02C,0,8,
1522.984384,0x06C,0,5,
1522.994536,0x526,0,8,
1523.004691,0x2B2,0,8,
1523.014881,0x569,0,8,
1523.025071,0x716,0,8,
1523.035263,0x36E,0,7,
1523.045479,0x086,0,8,
1523.055668,0x2E6,0,8,
1523.065766,0x15B,0,8,
1523.075868,0x1A1,0,7,
1523.085980,0x461,0,8,
1523.096173,0x317,0,8,
1523.106360,0x5E9,0,4,
1523.116542,0x4F9,0,8,
1523.126728,0x4C6,0,5,
1523.136829,0x0CC,0,2,
1523.147035,0x64A,0,2,
1523.157132,0x520,0,8,
1523.167249,0x7CB,0,8,
1523.177456,0x13A,0,1,
1523.187645,0x7B7,0,8,
1523.197773,0x408,0,8,
1523.207850,0x7C7,0,8,
1523.217944,0x057,0,2,
1523.228037,0x36E,0,8,
1523.238120,0x2BA,0,8,
1523.248200,0x446,0,1,
1523.258316,0x19E,0,8,
1523.268525,0x275,0,7,
1523.278708,0x1CD,0,8,
1523.288868,0x3BD,0,8,
1523.299112,0x46D,0,7,
1523.309255,0x08B,0,8,
1523.319396,0x304,0,6,
1523.329539,0x416,0,8,
1523.339690,0x738,0,8,
1523.349819,0x0E7,0,1,
1523.360023,0x40A,0,8,
1523.370277,0x22F,0,1,
1523.380412,0x1D1,0,8,
1523.390622,0x659,0,8,
1523.400713,0x56C,0,8,
1523.410821,0x25C,0,8,
1523.420894,0x4CE,0,1,
1523.431071,0x5A1,0,8,
1523.441138,0x40C,0,8,
1523.451219,0x134,0,8,
1523.461311,0x366,0,8,
1523.471455,0x206,0,8,
1523.481545,0x216,0,8,
1523.491630,0x2A8,0,8,
1523.501678,0x1E9,0,8,
1523.511756,0x48E,0,3,
1523.521830,0x43E,0,8,
1523.531906,0x254,0,8,
1523.542001,0x45A,0,8,
1523.552152,0x29A,0,6,
1523.562302,0x34D,0,6,
1523.572444,0x0D0,0,8,
1523.582645,0x1C7,0,2,
1523.592700,0x6B7,0,3,
1523.602794,0x7D0,0,8,
1523.612892,0x64C,0,6,
1523.623097,0x1AB,0,2,
1523.633197,0x1A0,0,1,
1523.643263,0x66E,0,8,
1523.653453,0x50F,0,7,
1523.663648,0x7D8,0,8,
1523.673746,0x64A,0,6,
1523.683819,0x05B,0,8,
1523.693896,0x225,0,5,
1523.704031,0x14B,0,8,
1523.714249,0x67C,0,8,
1523.724382,0x1B5,0,8,
1523.734498,0x4B4,0,8,
1523.744704,0x5BE,0,8,
1523.754786,0x14F,0,8,
1523.764931,0x356,0,8,
1523.775003,0x0C5,0,1,
1523.785169,0x7ED,0,6,
1523.795313,0x0C2,0,8,
1523.805464,0x6AF,0,1,
1523.815565,0x6B2,0,7,
1523.825707,0x76F,0,8,
1523.835823,0x29E,0,8,
1523.845954,0x59A,0,3,
1523.856179,0x47F,0,6,
1523.866271,0x183,0,8,
1523.876500,0x37E,0,8,
1523.886637,0x248,0,2,
1523.896719,0x6B5,0,6,
1523.906861,0x39D,0,4,
1523.916987,0x595,0,4,
1523.927234,0x7A0,0,8,
1523.937535,0x3F5,0,8,
1523.947652,0x0C1,0,8,
1523.957754,0x5E9,0,1,
1523.967908,0x289,0,8,
1523.978057,0x5F7,0,8,
1523.988210,0x198,0,5,
1523.998503,0x1C2,0,2,
1524.008753,0x559,0,2,
1524.018869,0x618,0,8,
1524.029159,0x13D,0,7,
1524.039374,0x214,0,5,
1524.049515,0x1C9,0,8,
1524.059812,0x38C,0,7,
1524.069969,0x0CE,0,1,
1524.080173,0x45B,0,8,
1524.090467,0x77C,0,1,
1524.100782,0x7FB,0,8,
1524.110901,0x508,0,4,
1524.121193,0x7AD,0,2,
1524.131472,0x280,0,5,
1524.141762,0x18A,0,8,
1524.151878,0x63A,0,8,
1524.161996,0x34A,0,3,
1524.172167,0x18F,0,3,
1524.182544,0x26F,0,8,
1524.192658,0x2FA,0,4,
1524.202797,0x652,0,3,
1524.212884,0x54D,0,8,
1524.222967,0x22A,0,8,
1524.233047,0x2FF,0,5,
1524.243151,0x689,0,8,
1524.253295,0x6D6,0,5,
1524.263581,0x2B9,0,8,
1524.273716,0x469,0,7,
1524.283793,0x370,0,8,
1524.294005,0x00C,0,8,
1524.304153,0x301,0,6,
1524.314363,0x048,0,8,
1524.324443,0x1DA,0,7,
1524.334578,0x7AF,0,8,
1524.344772,0x4A3,0,8,
1524.354915,0x0CD,0,5,
1524.365059,0x76C,0,8,
1524.375284,0x4D3,0,7,
1524.385552,0x436,0,3,
1524.395707,0x01C,0,1,
1524.405823,0x24F,0,2,
1524.415940,0x145,0,8,
1524.426013,0x2D1,0,8,
1524.436117,0x76F,0,1,
1524.446286,0x498,0,8,
1524.456425,0x33C,0,8,
1524.466556,0x5C2,0,4,
1524.476795,0x5E5,0,8,
1524.486876,0x55B,0,4,
1524.496957,0x3E5,0,8,
1524.507037,0x03D,0,3,
1524.517153,0x4F4,0,8,
1524.527397,0x2CE,0,8,
1524.537644,0x141,0,4,
1524.547847,0x19B,0,8,
1524.558135,0x1C4,0,8,
1524.568288,0x050,0,8,
1524.578582,0x0F2,0,1,
1524.588834,0x0B8,0,2,
1524.598948,0x162,0,1,
1524.609221,0x7DD,0,8,
1524.619495,0x4E9,0,8,
1524.629788,0x023,0,8,
1524.639939,0x53B,0,8,
1524.650216,0x063,0,1,
1524.660510,0x77E,0,1,
1524.670763,0x5D4,0,2,
1524.680974,0x04B,0,2,
1524.691219,0x63A,0,8,
1524.701333,0x7A6,0,5,
1524.711462,0x2E9,0,8,
1524.721583,0x3BF,0,8,
1524.731829,0x474,0,2,
1524.741910,0x65A,0,8,
1524.751990,0x514,0,8,
1524.762070,0x27C,0,1,
1524.772347,0x45C,0,6,
1524.782559,0x291,0,8,
1524.792842,0x235,0,8,
1524.803141,0x1FE,0,8,
1524.813429,0x0ED,0,8,
1524.823741,0x339,0,1,
1524.833978,0x5EF,0,4,
1524.844269,0x763,0,8,
1524.854556,0x510,0,8,
1524.864788,0x3FF,0,8,
1524.875002,0x075,0,8,
1524.885298,0x333,0,8,
1524.895557,0x470,0,8,
1524.905842,0x216,0,4,
1524.916137,0x14B,0,2,
1524.926391,0x676,0,7,
1524.936673,0x3F8,0,7,
1524.946881,0x226,0,8,
1524.957100,0x0D3,0,5,
1524.967326,0x0C6,0,1,
1524.977623,0x5A1,0,8,
1524.987828,0x082,0,1,
1524.997912,0x784,0,6,
1525.007993,0x7BA,0,4,
1525.018108,0x6F0,0,8,
1525.028312,0x48E,0,5,
1525.038526,0x377,0,2,
1525.048758,0x44E,0,8,
1525.059058,0x150,0,4,
1525.069343,0x16C,0,8,
1525.079653,0x2F7,0,2,
1525.089942,0x042,0,8,
1525.100160,0x0E9,0,8,
1525.110381,0x51D,0,8,
1525.120669,0x68D,0,3,
1525.130963,0x37E,0,8,
1525.141269,0x1E2,0,1,
1525.151490,0x7BF,0,6,
1525.161776,0x3E6,0,8,
1525.172035,0x5FB,0,6,
1525.182345,0x332,0,8,
1525.192656,0x23B,0,8,
1525.202844,0x24B,0,8,
1525.213012,0x692,0,8,
1525.223260,0x4EE,0,8,
1525.233458,0x636,0,5,
1525.243769,0x7E1,0,8,
1525.254065,0x6D5,0,8,
1525.264347,0x0E1,0,2,
1525.274595,0x287,0,8,
1525.284852,0x1D5,0,5,
1525.295140,0x39D,0,7,
1525.305365,0x206,0,8,
1525.315653,0x51E,0,8,
1525.325894,0x2D6,0,8,
1525.336104,0x0C3,0,8,
1525.346404,0x5A2,0,8,
1525.356626,0x4B3,0,8,
1525.366865,0x188,0,5,
1525.377167,0x389,0,7,
1525.387381,0x343,0,1,
1525.397677,0x65C,0,4,
1525.407797,0x038,0,1,
1525.418004,0x3EF,0,8,
1525.428290,0x123,0,6,
1525.438529,0x088,0,8,
1525.448644,0x47C,0,5,
1525.458747,0x6B0,0,2,
1525.468873,0x782,0,8,
1525.478964,0x46E,0,8,
1525.489062,0x6E7,0,1,
1525.499241,0x062,0,8,
1525.509516,0x030,0,5,
1525.519815,0x477,0,8,
1525.529895,0x05A,0,1,
1525.539977,0x02F,0,8,
1525.550139,0x1C1,0,8,
1525.560285,0x6C2,0,8,
1525.570559,0x3BD,0,1,
1525.580628,0x313,0,1,
1525.590786,0x127,0,8,
1525.600880,0x7D9,0,3,
1525.611116,0x7C0,0,8,
1525.621416,0x425,0,3,
1525.631535,0x257,0,4,
1525.641823,0x19C,0,8,
1525.652098,0x5C5,0,8,
1525.662389,0x5C8,0,5,
1525.672657,0x713,0,8,
1525.682796,0x7AE,0,8,
1525.693065,0x240,0,8,
1525.703183,0x30A,0,1,
1525.713304,0x669,0,8,
1525.723418,0x5FB,0,7,
1525.733644,0x47D,0,8,
1525.743730,0x708,0,5,
1525.753830,0x4A9,0,1,
1525.763913,0x348,0,8,
1525.773994,0x56B,0,8,
1525.784141,0x3AC,0,2,
1525.794290,0x002,0,8,
1525.804371,0x101,0,7,
1525.814520,0x746,0,8,
1525.824806,0x3BD,0,8,
1525.834934,0x108,0,8,
1525.845219,0x5C6,0,8,
1525.855368,0x348,0,1,
1525.865658,0x74A,0,2,
1525.875845,0x29D,0,5,
1525.886044,0x3D9,0,8,
1525.896170,0x653,0,1,
1525.906468,0x4C0,0,8,
1525.916762,0x1C2,0,8,
1525.927034,0x766,0,8,
1525.937322,0x776,0,2,
1525.947459,0x6F0,0,8,
1525.957694,0x05B,0,1,
1525.967818,0x540,0,1,
1525.977942,0x6BA,0,8,
1525.988220,0x5FB,0,2,
1525.998526,0x468,0,1,
1526.008712,0x30B,0,1,
1526.018992,0x492,0,6,
1526.029274,0x162,0,1,
1526.039569,0x79B,0,8,
1526.049845,0x64B,0,8,
1526.060124,0x01C,0,8,
1526.070419,0x0EB,0,8,
1526.080667,0x313,0,1,
1526.090843,0x10C,0,8,
1526.101125,0x364,0,8,
1526.111419,0x202,0,8,
1526.121707,0x7ED,0,2,
1526.131845,0x360,0,7,
1526.141969,0x03F,0,8,
1526.152262,0x66A,0,7,
1526.162529,0x51D,0,5,
1526.172711,0x458,0,8,
1526.182863,0x3CB,0,8,
1526.193131,0x0DF,0,7,
1526.203347,0x2F6,0,8,
1526.213464,0x156,0,2,
1526.223588,0x235,0,1,
1526.233697,0x4F1,0,8,
1526.243905,0x293,0,8,
1526.254052,0x7D3,0,7,
1526.264300,0x5FA,0,5,
1526.274598,0x1B6,0,8,
1526.284796,0x118,0,6,
1526.295047,0x48F,0,7,
1526.305323,0x672,0,8,
1526.315624,0x5FF,0,8,
1526.325835,0x46F,0,7,
1526.336059,0x53E,0,8,
1526.346348,0x011,0,8,
1526.356564,0x3A1,0,7,
1526.366835,0x548,0,7,
1526.377080,0x61A,0,8,
1526.387307,0x739,0,8,
1526.397593,0x4C7,0,8,
1526.407884,0x109,0,8,
1526.418174,0x7C3,0,4,
1526.428430,0x66F,0,8,
1526.438734,0x4EC,0,7,
1526.448947,0x68F,0,8,
1526.459089,0x0DF,0,1,
1526.469213,0x475,0,8,
1526.479370,0x090,0,4,
1526.489636,0x135,0,8,
1526.499872,0x11E,0,6,
1526.510118,0x3ED,0,1,
1526.520354,0x44E,0,5,
1526.530593,0x1B7,0,8,
1526.540824,0x0B3,0,1,
1526.551068,0x573,0,8,
1526.561270,0x2BC,0,8,
1526.571513,0x214,0,8,
1526.581720,0x581,0,4,
1526.591925,0x3F8,0,8,
1526.602161,0x00B,0,8,
1526.612284,0x3E8,0,8,
1526.622403,0x789,0,8,
1526.632616,0x7C8,0,8,
1526.642696,0x141,0,8,
1526.652902,0x5E9,0,1,
1526.663089,0x244,0,6,
1526.673292,0x720,0,2,
1526.683406,0x30B,0,7,
1526.693518,0x0FA,0,8,
1526.703666,0x1C8,0,8,
1526.713789,0x139,0,4,
1526.723911,0x4EA,0,8,
1526.734175,0x704,0,8,
1526.744384,0x3D2,0,8,
1526.754634,0x4D8,0,8,
1526.764719,0x584,0,1,
1526.774830,0x4C8,0,8,
1526.785079,0x11E,0,1,
1526.795280,0x528,0,1,
1526.805518,0x58E,0,1,
1526.815724,0x4C0,0,2,
1526.825800,0x4E7,0,1,
1526.836007,0x664,0,2,
1526.846138,0x4B7,0,8,
1526.856340,0x3B1,0,8,
1526.866580,0x5CB,0,8,
1526.876793,0x304,0,6,
1526.887041,0x039,0,8,
1526.897189,0x521,0,8,
1526.907429,0x504,0,8,
1526.917662,0x7E8,0,8,
1526.927860,0x2BB,0,1,
1526.938097,0x797,0,8,
1526.948299,0x141,0,8,
1526.958431,0x639,0,8,
1526.968515,0x7D0,0,8,
1526.978681,0x6A1,0,7,
1526.988756,0x6D9,0,5,
1526.998816,0x4A9,0,1,
1527.008875,0x463,0,8,
1527.018945,0x210,0,8,
1527.029007,0x546,0,4,
1527.039203,0x4E4,0,8,
1527.049279,0x71C,0,6,
1527.059556,0x18A,0,1,
1527.069744,0x400,0,2,
1527.079843,0x6AA,0,8,
1527.089939,0x623,0,1,
1527.100025,0x294,0,4,
1527.110319,0x300,0,8,
1527.120522,0x633,0,1,
1527.130803,0x3C7,0,4,
1527.140882,0x787,0,1,
1527.151028,0x1D9,0,1,
1527.161310,0x632,0,8,
1527.171461,0x48B,0,2,
1527.181587,0x06A,0,1,
1527.191723,0x557,0,8,
1527.201808,0x750,0,3,
1527.211894,0x755,0,8,
1527.221983,0x094,0,5,
1527.232077,0x24D,0,8,
1527.242157,0x210,0,1,
1527.252236,0x57F,0,4,
1527.262346,0x7D4,0,8,
1527.272440,0x572,0,7,
1527.282542,0x34F,0,8,
1527.292678,0x2DB,0,6,
1527.302762,0x3DB,0,4,
1527.312837,0x707,0,8,
1527.322918,0x2F0,0,2,
1527.332992,0x24F,0,8,
1527.343125,0x564,0,6,
1527.353303,0x0A9,0,4,
1527.363410,0x41A,0,8,
1527.373550,0x58F,0,8,
1527.383626,0x353,0,8,
1527.393709,0x3ED,0,3,
1527.403785,0x04C,0,8,
1527.413850,0x208,0,1,
1527.424066,0x1EC,0,8,
1527.434246,0x627,0,8,
1527.444312,0x0B4,0,2,
1527.454438,0x012,0,8,
1527.464560,0x5B6,0,8,
1527.474674,0x69C,0,6,
1527.484794,0x2AB,0,8,
1527.494864,0x400,0,8,
1527.505055,0x092,0,8,
1527.515325,0x4C4,0,8,
1527.525479,0x4A8,0,3,
1527.535757,0x15B,0,8,
1527.546049,0x22F,0,8,
1527.556343,0x55F,0,8,
1527.566467,0x6B4,0,7,
1527.576759,0x29B,0,1,
1527.587029,0x6E2,0,2,
1527.597309,0x5DC,0,6,
1527.607552,0x1C4,0,8,
1527.617842,0x426,0,8,
1527.627960,0x507,0,2,
1527.638250,0x020,0,2,
1527.648369,0x3AE,0,1,
1527.658525,0x7C2,0,1,
1527.668814,0x0CA,0,6,
1527.678973,0x0ED,0,3,
1527.689256,0x6D9,0,8,
1527.699367,0x56F,0,8,
1527.709489,0x790,0,8,
1527.719675,0x383,0,5,
1527.729832,0x236,0,8,
1527.740088,0x6E5,0,8,
1527.750207,0x6E0,0,1,
1527.760326,0x0AE,0,4,
1527.770531,0x2AF,0,4,
1527.780675,0x01E,0,6,
1527.790770,0x797,0,8,
1527.800865,0x769,0,5,
1527.810964,0x45E,0,8,
1527.821160,0x786,0,8,
1527.831311,0x3B1,0,4,
1527.841500,0x29C,0,8,
1527.851694,0x2BC,0,8,
1527.861758,0x392,0,8,
1527.871856,0x2D9,0,5,
1527.881956,0x092,0,8,
1527.892050,0x533,0,7,
1527.902187,0x627,0,3,
1527.912460,0x439,0,6,
1527.922747,0x4B7,0,8,
1527.932827,0x3AA,0,5,
1527.942904,0x69F,0,1,
1527.953014,0x513,0,8,
1527.963150,0x687,0,1,
1527.973360,0x533,0,8,
1527.983448,0x69A,0,4,
1527.993707,0x681,0,6,
1528.003861,0x36E,0,8,
1528.013951,0x141,0,1,
1528.024185,0x38B,0,8,
1528.034260,0x615,0,8,
1528.044469,0x12A,0,8,
1528.054764,0x394,0,2,
1528.064907,0x75B,0,8,
1528.075027,0x628,0,2,
1528.085255,0x6B6,0,2,
1528.095464,0x0E7,0,5,
1528.105673,0x514,0,8,
1528.115807,0x35D,0,8,
1528.125917,0x76B,0,1,
1528.136033,0x1A8,0,6,
1528.146256,0x174,0,8,
1528.156377,0x73C,0,2,
1528.166456,0x168,0,8,
1528.176665,0x3E2,0,3,
1528.186821,0x499,0,7,
1528.196927,0x110,0,3,
1528.207117,0x53F,0,4,
1528.217234,0x515,0,8,
1528.227380,0x472,0,8,
1528.237590,0x0AC,0,8,
1528.247797,0x510,0,3,
1528.257861,0x07D,0,4,
1528.268076,0x78D,0,8,
1528.278350,0x5BF,0,8,
1528.288644,0x46A,0,7,
1528.298877,0x4FE,0,8,
1528.309022,0x791,0,8,
1528.319301,0x2C0,0,8,
1528.329517,0x4B9,0,2,
1528.339813,0x5EC,0,2,
1528.350128,0x099,0,8,
1528.360404,0x715,0,8,
1528.370693,0x3A1,0,8,
1528.380974,0x272,0,3,
1528.391244,0x768,0,8,
1528.401507,0x33B,0,8,
1528.411790,0x4B1,0,8,
1528.422145,0x69C,0,8,
1528.432441,0x792,0,8,
1528.442758,0x336,0,8,
1528.452908,0x3C3,0,5,
1528.463105,0x1DA,0,4,
1528.473224,0x470,0,8,
1528.483356,0x44E,0,8,
1528.493467,0x33C,0,8,
1528.503753,0x27B,0,5,
1528.513843,0x137,0,1,
1528.524087,0x1AD,0,8,
1528.534167,0x5BB,0,8,
1528.544416,0x4EB,0,4,
1528.554631,0x73D,0,6,
1528.564711,0x19C,0,8,
1528.574787,0x3DE,0,8,
1528.584930,0x02C,0,1,
1528.595077,0x494,0,2,
1528.605338,0x76C,0,7,
1528.615418,0x397,0,6,
1528.625557,0x3AC,0,7,
1528.635777,0x5E0,0,8,
1528.645893,0x130,0,8,
1528.656181,0x234,0,8,
1528.666266,0x4F1,0,8,
1528.676553,0x53C,0,8,
1528.686834,0x043,0,7,
1528.696948,0x2BD,0,8,
1528.707166,0x01B,0,8,
1528.717299,0x554,0,8,
1528.727461,0x5E8,0,2,
1528.737582,0x1F1,0,4,
1528.747803,0x4A2,0,5,
1528.757927,0x176,0,8,
1528.768065,0x6DD,0,8,
1528.778339,0x554,0,8,
1528.788636,0x515,0,4,
1528.798848,0x283,0,6,
1528.809128,0x450,0,7,
1528.819412,0x1F1,0,1,
1528.829624,0x023,0,8,
1528.839787,0x7DF,0,6,
1528.849873,0x225,0,8,
1528.860165,0x595,0,1,
1528.870440,0x496,0,8,
1528.880733,0x3F8,0,8,
1528.890924,0x41C,0,8,
1528.901200,0x092,0,8,
1528.911453,0x46F,0,8,
1528.921709,0x4CD,0,8,
1528.931863,0x717,0,1,
1528.942092,0x5D5,0,8,
1528.952300,0x556,0,8,
1528.962427,0x272,0,6,
1528.972514,0x50F,0,4,
1528.982675,0x2E8,0,2,
1528.992762,0x391,0,7,
1529.002841,0x599,0,6,
1529.013119,0x564,0,8,
1529.023197,0x7F7,0,8,
1529.033417,0x617,0,8,
1529.043653,0x479,0,3,
1529.053896,0x1D9,0,8,
1529.064179,0x2F2,0,8,
1529.074472,0x714,0,8,
1529.084719,0x194,0,8,
1529.094998,0x1E0,0,8,
1529.105249,0x258,0,6,
1529.115535,0x7C1,0,8,
1529.125822,0x0DD,0,1,
1529.136038,0x12E,0,5,
1529.146326,0x203,0,1,
1529.156578,0x68C,0,8,
1529.166663,0x276,0,1,
1529.176865,0x2CA,0,8,
1529.187017,0x5EB,0,1,
1529.197228,0x65D,0,4,
1529.207350,0x315,0,6,
1529.217639,0x76F,0,7,
1529.227784,0x67E,0,4,
1529.237995,0x5C6,0,2,
1529.248075,0x4AF,0,6,
1529.258149,0x77B,0,7,
1529.268439,0x6DD,0,8,
1529.278724,0x3D2,0,8,
1529.288948,0x40C,0,1,
1529.299227,0x37F,0,8,
1529.309493,0x1C0,0,8,
1529.319699,0x5AB,0,7,
1529.329955,0x5FC,0,5,
1529.340234,0x6A4,0,7,
1529.350458,0x157,0,1,
1529.360740,0x64B,0,8,
1529.370978,0x537,0,8,
1529.381280,0x273,0,5,
1529.391490,0x43E,0,8,
1529.401600,0x3C7,0,8,
1529.411861,0x7DF,0,2,
1529.422156,0x7F5,0,8,
1529.432446,0x27E,0,7,
1529.442692,0x676,0,8,
1529.452893,0x0C8,0,5,
1529.463030,0x49A,0,8,
1529.473246,0x401,0,6,
1529.483515,0x6BF,0,8,
1529.493635,0x2BB,0,4,
1529.503781,0x5E4,0,2,
1529.514031,0x265,0,8,
1529.524172,0x07E,0,8,
1529.534410,0x1E9,0,1,
1529.544619,0x352,0,8,
1529.554818,0x32A,0,8,
1529.565027,0x716,0,8,
1529.575240,0x25C,0,8,
1529.585316,0x1C6,0,8,
1529.595431,0x2D3,0,8,
1529.605667,0x366,0,8,
1529.615881,0x232,0,1,
1529.626168,0x623,0,3,
1529.636361,0x246,0,3,
1529.646559,0x030,0,2,
1529.656696,0x247,0,4,
1529.666818,0x114,0,8,
1529.676960,0x243,0,3,
1529.687241,0x449,0,8,
1529.697439,0x484,0,8,
1529.707601,0x255,0,8,
1529.717701,0x6B6,0,8,
1529.727868,0x2B9,0,2,
1529.738018,0x076,0,8,
1529.748099,0x5ED,0,8,
1529.758178,0x4BC,0,3,
1529.768349,0x6E4,0,8,
1529.778452,0x154,0,8,
1529.788552,0x522,0,8,
1529.798660,0x1EB,0,3,
1529.808755,0x09C,0,2,
1529.818850,0x367,0,1,
1529.828979,0x0DE,0,8,
1529.839078,0x344,0,8,
1529.849167,0x1D8,0,8,
1529.859357,0x4C4,0,8,
1529.869535,0x777,0,8,
1529.879744,0x598,0,1,
1529.889923,0x48C,0,8,
1529.899987,0x6B0,0,8,
1529.910171,0x158,0,8,
1529.920370,0x3CD,0,8,
1529.930531,0x25B,0,1,
1529.940669,0x544,0,8,
1529.950852,0x0BC,0,8,
1529.960948,0x4D1,0,8,
1529.971070,0x361,0,8,
1529.981210,0x309,0,1,
1529.991348,0x5E3,0,8,
1530.001592,0x168,0,8,
1530.011777,0x616,0,8,
1530.021959,0x3E8,0,8,
1530.032133,0x1A6,0,1,
1530.042321,0x7BE,0,2,
1530.052382,0x78F,0,8,
1530.062555,0x0AC,0,7,
1530.072735,0x1DA,0,8,
1530.082905,0x123,0,6,
1530.092967,0x19B,0,8,
1530.103030,0x3B4,0,7,
1530.113193,0x597,0,5,
1530.123260,0x3B0,0,8,
1530.133324,0x0BD,0,8,
1530.143537,0x539,0,1,
1530.153740,0x507,0,1,
1530.163911,0x65C,0,8,
1530.174124,0x4CD,0,5,
1530.184327,0x0AA,0,3,
1530.194502,0x3C5,0,8,
1530.204675,0x4A5,0,4,
1530.214871,0x6D6,0,2,
1530.224948,0x43B,0,1,
1530.235017,0x1CC,0,8,
1530.245279,0x4E7,0,7,
1530.255533,0x3C7,0,8,
1530.265731,0x5BF,0,8,
1530.275941,0x120,0,8,
1530.286203,0x257,0,8,
1530.296461,0x028,0,1,
1530.306724,0x07E,0,8,
1530.316796,0x631,0,8,
1530.326972,0x04C,0,8,
1530.337185,0x120,0,7,
1530.347302,0x171,0,5,
1530.357512,0x15F,0,7,
1530.367727,0x03A,0,6,
1530.377961,0x369,0,5,
1530.388024,0x0E7,0,5,
1530.398092,0x1D4,0,8,
1530.408221,0x09C,0,8,
1530.418558,0x669,0,8,
1530.428723,0x6FA,0,8,
1530.438800,0x7CA,0,1,
1530.448878,0x166,0,3,
1530.459023,0x0E2,0,5,
1530.469117,0x522,0,3,
1530.479235,0x0C0,0,8,
1530.489334,0x212,0,1,
1530.499404,0x666,0,3,
1530.509528,0x6C5,0,5,
1530.519602,0x19A,0,8,
1530.529666,0x7FB,0,3,
1530.539748,0x375,0,2,
1530.549932,0x238,0,8,
1530.560005,0x6B0,0,5,
1530.570078,0x2E5,0,8,
1530.580150,0x130,0,8,
1530.590228,0x4A2,0,8,
1530.600471,0x330,0,8,
1530.610750,0x0EE,0,2,
1530.620830,0x7EE,0,1,
1530.630908,0x326,0,8,
1530.641117,0x37F,0,8,
1530.651200,0x28E,0,5,
1530.661278,0x0BB,0,3,
1530.671538,0x1AB,0,6,
1530.681618,0x053,0,6,
1530.691833,0x759,0,8,
1530.701932,0x289,0,2,
1530.712016,0x111,0,8,
1530.722146,0x467,0,6,
1530.732227,0x653,0,7,
1530.742369,0x5D5,0,5,
1530.752651,0x692,0,6,
1530.762838,0x0FE,0,1,
1530.773122,0x518,0,8,
1530.783423,0x591,0,8,
1530.793640,0x19A,0,1,
1530.803832,0x576,0,8,
1530.814050,0x2F6,0,2,
1530.824176,0x57C,0,1,
1530.834481,0x088,0,8,
1530.844773,0x647,0,1,
1530.854940,0x197,0,1,
1530.865021,0x173,0,8,
1530.875232,0x20A,0,8,
1530.885381,0x69F,0,8,
1530.895662,0x372,0,4,
1530.905783,0x352,0,4,
1530.915852,0x57A,0,1,
1530.925919,0x185,0,3,
1530.936068,0x53D,0,6,
1530.946134,0x2D1,0,8,
1530.956225,0x026,0,8,
1530.966379,0x300,0,8,
1530.976537,0x67A,0,8,
1530.986688,0x7BD,0,2,
1530.996756,0x64B,0,5,
1531.006825,0x6E3,0,2,
1531.016893,0x6D5,0,7,
1531.026959,0x28B,0,8,
1531.037075,0x631,0,8,
1531.047269,0x13C,0,3,
1531.057399,0x59E,0,8,
1531.067473,0x3A8,0,8,
1531.077621,0x0E0,0,8,
1531.087778,0x5AC,0,8,
1531.097915,0x443,0,8,
1531.108220,0x4F5,0,8,
1531.118420,0x0C5,0,6,
1531.128617,0x786,0,8,
1531.138801,0x072,0,3,
1531.148864,0x641,0,8,
1531.158938,0x548,0,5,
1531.169177,0x6A0,0,8,
1531.179250,0x57C,0,8,
1531.189512,0x4FD,0,8,
1531.199708,0x255,0,8,
1531.209821,0x551,0,4,
1531.219938,0x2C9,0,8,
1531.230025,0x30D,0,8,
1531.240101,0x626,0,8,
1531.250184,0x1C6,0,8,
1531.260295,0x136,0,8,
1531.270587,0x6D2,0,8,
1531.280631,0x6B2,0,8,
1531.290848,0x13B,0,4,
1531.300928,0x59C,0,8,
1531.311008,0x5E2,0,4,
1531.321122,0x4A2,0,3,
1531.331270,0x702,0,8,
1531.341565,0x5AE,0,1,
1531.351762,0x5CB,0,4,
1531.361874,0x23A,0,8,
1531.372076,0x7F8,0,3,
1531.382224,0x415,0,5,
1531.392455,0x0AC,0,8,
1531.402744,0x3BE,0,2,
1531.412852,0x4A4,0,4,
1531.423034,0x12E,0,7,
1531.433216,0x6F0,0,1,
1531.443302,0x1CF,0,8,
1531.453415,0x705,0,8,
1531.463529,0x7A9,0,7,
1531.473702,0x250,0,8,
1531.483790,0x16A,0,2,
1531.493868,0x669,0,8,
1531.504040,0x552,0,4,
1531.514109,0x71D,0,8,
1531.524181,0x751,0,5,
1531.534325,0x48F,0,6,
1531.544514,0x21A,0,8,
1531.554700,0x5A2,0,8,
1531.564765,0x7AE,0,6,
1531.574870,0x2CC,0,8,
1531.585068,0x5BD,0,8,
1531.595261,0x0BD,0,8,
1531.605446,0x1E9,0,2,
1531.615636,0x6F8,0,2,
1531.625732,0x4A9,0,8,
1531.635795,0x5DD,0,4,
1531.645986,0x29B,0,6,
1531.656186,0x52D,0,8,
1531.666325,0x07A,0,8,
1531.676456,0x77A,0,8,
1531.686649,0x35F,0,8,
1531.696743,0x332,0,8,
1531.706845,0x145,0,4,
1531.716961,0x351,0,3,
1531.727143,0x31A,0,8,
1531.737288,0x1CF,0,8,
1531.747376,0x7DA,0,8,
1531.757487,0x065,0,3,
1531.767677,0x24E,0,8,
1531.777777,0x355,0,8,
1531.787878,0x0A6,0,2,
1531.798068,0x50C,0,1,
1531.808167,0x578,0,8,
1531.818352,0x32E,0,3,
1531.828464,0x683,0,8,
1531.838661,0x5BE,0,2,
1531.848845,0x6B2,0,1,
1531.859030,0x75B,0,7,
1531.869217,0x1C4,0,8,
1531.879362,0x0EA,0,8,
1531.889543,0x0C9,0,8,
1531.899639,0x5B7,0,4,
1531.909742,0x546,0,8,
1531.919834,0x267,0,4,
1531.929945,0x579,0,8,
1531.940225,0x68C,0,8,
1531.950333,0x6EF,0,8,
1531.960452,0x160,0,8,
1531.970567,0x5D1,0,8,
1531.980687,0x25B,0,4,
1531.990768,0x737,0,8,
1532.000834,0x636,0,8,
1532.011034,0x10A,0,1,
1532.021129,0x5E0,0,8,
1532.031245,0x03D,0,8,
1532.041535,0x7AD,0,7,
1532.051749,0x184,0,4,
1532.061869,0x1AB,0,8,
1532.072167,0x380,0,2,
1532.082469,0x65E,0,8,
1532.092758,0x1CF,0,8,
1532.102895,0x719,0,8,
1532.113062,0x083,0,8,
1532.123230,0x527,0,5,
1532.133307,0x509,0,2,
1532.143588,0x2A9,0,1,
1532.153871,0x79B,0,1,
1532.164094,0x22A,0,5,
1532.174265,0x671,0,8,
1532.184557,0x374,0,8,
1532.194734,0x6D5,0,1,
1532.204803,0x7B6,0,8,
1532.214928,0x086,0,1,
1532.225020,0x723,0,6,
1532.235154,0x573,0,1,
1532.245278,0x500,0,3,
1532.255459,0x26C,0,8,
1532.265582,0x002,0,1,
1532.275737,0x494,0,8,
1532.285814,0x145,0,8,
1532.295892,0x4AB,0,8,
1532.306040,0x5DD,0,6,
1532.316184,0x4CE,0,7,
1532.326478,0x4EC,0,1,
1532.336632,0x012,0,1,
1532.346877,0x1EF,0,7,
1532.357161,0x381,0,5,
1532.367438,0x740,0,7,
1532.377711,0x306,0,3,
1532.387788,0x00E,0,8,
1532.398069,0x3E4,0,8,
1532.408234,0x7BC,0,1,
1532.418339,0x128,0,8,
1532.428463,0x141,0,8,
1532.438669,0x4E7,0,6,
1532.448784,0x759,0,2,
1532.458904,0x674,0,7,
1532.468984,0x5D9,0,3,
1532.479092,0x53E,0,5,
1532.489166,0x683,0,1,
1532.499233,0x325,0,2,
1532.509372,0x437,0,6,
1532.519489,0x217,0,7,
1532.529593,0x2AE,0,8,
1532.539714,0x1DA,0,8,
1532.549815,0x596,0,8,
1532.559929,0x7CA,0,3,
1532.570109,0x410,0,3,
1532.580182,0x511,0,1,
1532.590440,0x6AF,0,8,
1532.600574,0x7D7,0,8,
1532.610628,0x38B,0,8,
1532.620793,0x340,0,4,
1532.630861,0x18E,0,8,
1532.640974,0x429,0,1,
1532.651197,0x5CF,0,8,
1532.661262,0x083,0,6,
1532.671463,0x5F5,0,8,
1532.681531,0x57E,0,3,
1532.691597,0x7B7,0,8,
1532.701684,0x35F,0,8,
1532.711766,0x517,0,8,
1532.721851,0x2A1,0,7,
1532.731937,0x41C,0,2,
1532.742036,0x678,0,8,
1532.752279,0x1AB,0,8,
1532.762421,0x0D5,0,7,
1532.772618,0x49B,0,5,
1532.782754,0x69B,0,8,
1532.792869,0x493,0,5,
1532.803095,0x63B,0,2,
1532.813203,0x213,0,8,
1532.823491,0x469,0,8,
1532.833635,0x159,0,7,
1532.843771,0x0AB,0,1,
1532.854013,0x13F,0,8,
1532.864159,0x65E,0,7,
1532.874234,0x734,0,8,
1532.884377,0x77E,0,1,
1532.894566,0x0B2,0,7,
1532.904699,0x61C,0,8,
1532.914776,0x446,0,1,
1532.924910,0x794,0,1,
1532.935028,0x306,0,1,
1532.945238,0x70B,0,8,
1532.955442,0x0F5,0,6,
1532.965569,0x1FC,0,8,
1532.975764,0x404,0,5,
1532.985848,0x311,0,8,
1532.995961,0x04C,0,8,
1533.006168,0x66E,0,8,
1533.016353,0x7C7,0,8,
1533.026457,0x7E3,0,8,
1533.036648,0x5CC,0,1,
1533.046717,0x24B,0,8,
1533.056857,0x558,0,8,
1533.066931,0x0DB,0,8,
1533.077070,0x759,0,1,
1533.087272,0x280,0,1,
1533.097508,0x6A0,0,8,
1533.107624,0x1FA,0,5,
1533.117749,0x6D1,0,6,
1533.127898,0x29D,0,6,
1533.138086,0x25C,0,8,
1533.148372,0x033,0,8,
1533.158674,0x16B,0,1,
1533.168878,0x434,0,2,
1533.179167,0x36E,0,7,
1533.189369,0x02D,0,8,
1533.199579,0x379,0,8,
1533.209687,0x7B8,0,1,
1533.219772,0x2E0,0,3,
1533.229894,0x270,0,8,
1533.240038,0x103,0,1,
1533.250119,0x49A,0,3,
1533.260406,0x67C,0,4,
1533.270713,0x738,0,8,
1533.280997,0x28A,0,6,
1533.291211,0x024,0,6,
1533.301505,0x784,0,7,
1533.311794,0x78F,0,8,
1533.322054,0x6F9,0,3,
1533.332340,0x221,0,7,
1533.342632,0x7DB,0,8,
1533.352873,0x3A1,0,4,
1533.363150,0x4C7,0,8,
1533.373255,0x425,0,7,
1533.383376,0x3EC,0,6,
1533.393618,0x1E1,0,1,
1533.403741,0x387,0,8,
1533.413857,0x493,0,3,
1533.423984,0x50F,0,8,
1533.434178,0x751,0,8,
1533.444252,0x5A2,0,5,
1533.454355,0x480,0,6,
1533.464435,0x7CD,0,8,
1533.474572,0x616,0,6,
1533.484815,0x7D3,0,7,
1533.494953,0x12D,0,8,
1533.505051,0x286,0,8,
1533.515139,0x302,0,8,
1533.525264,0x027,0,7,
1533.535369,0x6F4,0,3,
1533.545613,0x5BD,0,6,
1533.555774,0x103,0,4,
1533.565851,0x751,0,7,
1533.576030,0x348,0,1,
1533.586313,0x163,0,8,
1533.596478,0x3FB,0,5,
1533.606716,0x20F,0,8,
1533.616861,0x42B,0,8,
1533.627078,0x48B,0,1,
1533.637226,0x0A2,0,8,
1533.647504,0x279,0,8,
1533.657761,0x40C,0,8,
1533.667842,0x69D,0,8,
1533.677933,0x44C,0,4,
1533.688163,0x635,0,1,
1533.698371,0x2D7,0,3,
1533.708457,0x416,0,8,
1533.718632,0x537,0,8,
1533.728729,0x172,0,8,
1533.738815,0x7C9,0,5,
1533.748884,0x319,0,4,
1533.758956,0x1DA,0,8,
1533.769161,0x43F,0,5,
1533.779378,0x704,0,8,
1533.789620,0x047,0,6,
1533.799802,0x528,0,1,
1533.810109,0x175,0,4,
1533.820186,0x7BF,0,2,
1533.830481,0x042,0,8,
1533.840734,0x6D6,0,8,
1533.850856,0x74B,0,8,
1533.860938,0x26B,0,2,
1533.871219,0x588,0,2,
1533.881338,0x6CA,0,8,
1533.891450,0x022,0,3,
1533.901700,0x1CF,0,8,
1533.911946,0x257,0,8,
1533.922229,0x063,0,6,
1533.932372,0x1AF,0,7,
1533.942658,0x761,0,6,
1533.952789,0x70D,0,8,
1533.962914,0x4B6,0,2,
1533.973000,0x5BE,0,5,
1533.983217,0x094,0,1,
1533.993437,0x080,0,8,
1534.003689,0x478,0,8,
1534.013940,0x117,0,3,
1534.024186,0x32D,0,1,
1534.034432,0x686,0,7,
1534.044686,0x59A,0,8,
1534.054880,0x08A,0,8,
1534.065095,0x1E3,0,1,
1534.075322,0x313,0,6,
1534.085573,0x178,0,2,
1534.095783,0x1AD,0,8,
1534.105911,0x6B8,0,8,
1534.116119,0x562,0,8,
1534.126322,0x13C,0,1,
1534.136519,0x7E3,0,1,
1534.146722,0x121,0,3,
1534.156948,0x13A,0,8,
1534.167090,0x02F,0,1,
1534.177378,0x47D,0,8,
1534.187590,0x0F1,0,3,
1534.197796,0x554,0,8,
1534.208001,0x1AB,0,8,
1534.218133,0x5F6,0,8,
1534.228217,0x0C0,0,8,
1534.238470,0x5D4,0,8,
1534.248716,0x5CC,0,1,
1534.258921,0x311,0,4,
1534.269153,0x03B,0,3,
1534.279352,0x7F3,0,7,
1534.289588,0x394,0,6,
1534.299780,0x347,0,5,
1534.309983,0x03A,0,1,
1534.320167,0x24E,0,8,
1534.330394,0x6D2,0,8,
1534.340628,0x3C5,0,4,
1534.350872,0x1CE,0,8,
1534.361118,0x650,0,8,
1534.371364,0x6F8,0,6,
1534.381595,0x707,0,8,
1534.391819,0x54F,0,8,
1534.402047,0x1F0,0,8,
1534.412282,0x45C,0,1,
1534.422487,0x7A0,0,7,
1534.432783,0x574,0,3,
1534.442986,0x60E,0,8,
1534.453198,0x769,0,5,
1534.463409,0x5BD,0,3,
1534.473637,0x5D6,0,8,
1534.483877,0x00C,0,8,
1534.494118,0x6D7,0,2,
1534.504366,0x46D,0,6,
1534.514476,0x4EB,0,8,
1534.524714,0x41F,0,3,
1534.534917,0x703,0,7,
1534.545160,0x39B,0,2,
1534.555410,0x002,0,8,
1534.565633,0x76E,0,8,
1534.575878,0x28C,0,8,
1534.586122,0x0F6,0,1,
1534.596375,0x6A1,0,5,
1534.606618,0x109,0,8,
1534.616907,0x05A,0,7,
1534.627190,0x5AE,0,1,
1534.637407,0x6D3,0,8,
1534.647651,0x2DA,0,8,
1534.657937,0x18C,0,7,
1534.668329,0x650,0,8,
1534.678599,0x204,0,1,
1534.688824,0x25B,0,7,
1534.698889,0x597,0,7,
1534.709100,0x559,0,8,
1534.719243,0x382,0,7,
1534.729369,0x1F8,0,8,
1534.739454,0x3D5,0,8,
1534.749662,0x610,0,6,
1534.759791,0x1F4,0,8,
1534.769927,0x081,0,8,
1534.780142,0x5E0,0,8,
1534.790437,0x07F,0,3,
1534.800766,0x3E9,0,8,
1534.810845,0x25E,0,6,
1534.821047,0x2A0,0,8,
1534.831164,0x3EE,0,4,
1534.841438,0x31E,0,8,
1534.851719,0x5AB,0,5,
1534.861997,0x440,0,5,
1534.872297,0x64F,0,3,
1534.882378,0x7CC,0,7,
1534.892664,0x5D2,0,2,
1534.902911,0x336,0,2,
1534.913208,0x618,0,8,
1534.923496,0x2FB,0,8,
1534.933717,0x779,0,8,
1534.943845,0x4C8,0,8,
1534.954051,0x58F,0,2,
1534.964133,0x352,0,8,
1534.974218,0x628,0,2,
1534.984463,0x09C,0,6,
1534.994576,0x297,0,8,
1535.004680,0x05F,0,2,
1535.014755,0x470,0,1,
1535.025049,0x347,0,8,
1535.035128,0x463,0,4,
1535.045411,0x306,0,5,
1535.055701,0x6B6,0,8,
1535.065991,0x617,0,8,
1535.076260,0x367,0,2,
1535.086557,0x368,0,1,
1535.096839,0x1EE,0,1,
1535.107138,0x2D9,0,8,
1535.117440,0x0E2,0,8,
1535.127730,0x76B,0,8,
1535.137998,0x41D,0,7,
1535.148286,0x120,0,4,
1535.158404,0x3C2,0,1,
1535.168693,0x6F7,0,2,
1535.178962,0x620,0,8,
1535.189106,0x2F1,0,3,
1535.199311,0x552,0,7,
1535.209545,0x4B8,0,8,
1535.219664,0x434,0,8,
1535.229845,0x0D7,0,8,
1535.239979,0x3E1,0,8,
1535.250162,0x27C,0,1,
1535.260446,0x46F,0,5,
1535.270580,0x54E,0,2,
1535.280836,0x380,0,8,
1535.290958,0x45C,0,8,
1535.301258,0x4C1,0,8,
1535.311539,0x652,0,3,
1535.321821,0x6FD,0,8,
1535.331941,0x0B5,0,8,
1535.342227,0x788,0,6,
1535.352509,0x7A0,0,8,
1535.362796,0x19D,0,8,
1535.372878,0x0E3,0,2,
1535.383033,0x727,0,8,
1535.393322,0x56E,0,8,
1535.403629,0x5F9,0,8,
1535.413767,0x0D8,0,8,
1535.423859,0x540,0,6,
1535.434100,0x7BA,0,1,
1535.444182,0x2E0,0,7,
1535.454401,0x05E,0,1,
1535.464496,0x194,0,1,
1535.474681,0x024,0,1,
1535.484826,0x3FA,0,8,
1535.495125,0x5AE,0,2,
1535.505410,0x47F,0,8,
1535.515710,0x05D,0,8,
1535.525841,0x1A6,0,1,
1535.536129,0x3EE,0,8,
1535.546350,0x2FA,0,8,
1535.556619,0x3D5,0,3,
1535.566742,0x147,0,8,
1535.576861,0x35B,0,7,
1535.587148,0x2D4,0,6,
1535.597436,0x747,0,4,
1535.607703,0x72D,0,6,
1535.617785,0x555,0,1,
1535.627871,0x657,0,8,
1535.637970,0x152,0,1,
1535.648060,0x652,0,1,
1535.658140,0x5D4,0,1,
1535.668217,0x44E,0,1,
1535.678335,0x0EE,0,4,
1535.688480,0x771,0,8,
1535.698585,0x6C1,0,8,
1535.708678,0x639,0,6,
1535.718788,0x35E,0,1,
1535.729022,0x744,0,8,
1535.739186,0x607,0,8,
1535.749334,0x1CF,0,8,
1535.759583,0x7CD,0,8,
1535.769729,0x4F4,0,3,
1535.779961,0x1BD,0,8,
1535.790206,0x29C,0,8,
1535.800353,0x59D,0,8,
1535.810536,0x20F,0,1,
1535.820822,0x3C0,0,8,
1535.831092,0x1A2,0,8,
1535.841264,0x451,0,3,
1535.851560,0x18B,0,2,
1535.861843,0x37E,0,4,
1535.872125,0x5A9,0,8,
1535.882308,0x744,0,8,
1535.892599,0x595,0,8,
1535.902792,0x706,0,5,
1535.912874,0x299,0,4,
1535.923018,0x061,0,8,
1535.933094,0x3F7,0,8,
1535.943242,0x2D9,0,3,
1535.953439,0x52E,0,6,
1535.963664,0x782,0,8,
1535.973822,0x3E7,0,3,
1535.983906,0x59B,0,8,
1535.994170,0x7F1,0,8,
1536.004404,0x69C,0,8,
1536.014521,0x4FF,0,8,
1536.024713,0x140,0,8,
1536.034997,0x0F6,0,4,
1536.045292,0x796,0,8,
1536.055582,0x5CF,0,8,
1536.065736,0x5F1,0,8,
1536.075819,0x570,0,2,
1536.086084,0x7F7,0,7,
1536.096234,0x071,0,1,
1536.106510,0x7FB,0,1,
1536.116590,0x347,0,8,
1536.126789,0x4DE,0,8,
1536.136915,0x2C0,0,8,
1536.147212,0x4B8,0,2,
1536.157361,0x466,0,4,
1536.167694,0x42E,0,6,
1536.177859,0x56F,0,8,
1536.187930,0x40E,0,5,
1536.198002,0x5F3,0,4,
1536.208180,0x4F1,0,3,
1536.218298,0x241,0,2,
1536.228432,0x42C,0,1,
1536.238585,0x135,0,3,
1536.248713,0x119,0,6,
1536.258809,0x6F3,0,4,
1536.268875,0x746,0,8,
1536.279072,0x091,0,4,
1536.289173,0x169,0,2,
1536.299287,0x69E,0,1,
1536.309473,0x604,0,4,
1536.319585,0x175,0,2,
1536.329704,0x46A,0,4,
1536.339770,0x7A1,0,8,
1536.349835,0x54A,0,5,
1536.360046,0x41D,0,8,
1536.370246,0x158,0,8,
1536.380379,0x51E,0,4,
1536.390576,0x610,0,3,
1536.400718,0x1A7,0,8,
1536.410822,0x7F9,0,8,
1536.420887,0x03D,0,1,
1536.431037,0x2D5,0,8,
1536.441145,0x364,0,8,
1536.451215,0x420,0,2,
1536.461423,0x25F,0,4,
1536.471546,0x507,0,4,
1536.481702,0x457,0,1,
1536.491785,0x2B9,0,8,
1536.501861,0x1EA,0,3,
1536.511940,0x18D,0,8,
1536.522152,0x23E,0,5,
1536.532289,0x466,0,8,
1536.542573,0x069,0,6,
1536.552826,0x5AF,0,1,
1536.562903,0x19F,0,8,
1536.572979,0x2AB,0,8,
1536.583091,0x4E9,0,1,
1536.593361,0x2AB,0,8,
1536.603639,0x1BE,0,8,
1536.613751,0x250,0,8,
1536.623867,0x0F0,0,7,
1536.633995,0x7F1,0,7,
1536.644177,0x0C8,0,8,
1536.654473,0x13F,0,3,
1536.664770,0x2AD,0,8,
1536.675026,0x0BB,0,8,
1536.685304,0x5B2,0,1,
1536.695515,0x448,0,8,
1536.705632,0x798,0,8,
1536.715778,0x02C,0,7,
1536.725874,0x7A1,0,7,
1536.736008,0x314,0,8,
1536.746127,0x057,0,8,
1536.756238,0x4D7,0,5,
1536.766344,0x48A,0,7,
1536.776585,0x632,0,8,
1536.786828,0x67E,0,4,
1536.796903,0x2C1,0,7,
1536.807183,0x0CE,0,1,
1536.817393,0x1FA,0,8,
1536.827541,0x6CE,0,5,
1536.837823,0x068,0,1,
1536.847938,0x7D6,0,1,
1536.858120,0x29C,0,8,
1536.868196,0x6A8,0,8,
1536.878452,0x0A6,0,8,
1536.888707,0x5A0,0,8,
1536.898783,0x2D3,0,8,
1536.908860,0x179,0,8,
1536.919071,0x00D,0,3,
1536.929298,0x6D2,0,1,
1536.939589,0x37E,0,1,
1536.949701,0x464,0,8,
1536.959839,0x498,0,2,
1536.969995,0x240,0,2,
1536.980079,0x0AE,0,8,
1536.990254,0x147,0,6,
1537.000482,0x58F,0,8,
1537.010689,0x5C7,0,8,
1537.020853,0x08C,0,8,
1537.031145,0x2F4,0,2,
1537.041306,0x2B9,0,5,
1537.051598,0x4EC,0,8,
1537.061725,0x68D,0,5,
1537.072017,0x537,0,8,
1537.082264,0x468,0,8,
1537.092556,0x4DA,0,6,
1537.102635,0x15B,0,8,
1537.112836,0x626,0,3,
1537.122932,0x671,0,6,
1537.133035,0x485,0,8,
1537.143182,0x175,0,8,
1537.153263,0x036,0,4,
1537.163409,0x6E9,0,8,
1537.173716,0x72F,0,5,
1537.183867,0x26C,0,4,
1537.194030,0x0A7,0,5,
1537.204242,0x2B9,0,3,
1537.214422,0x2B2,0,6,
1537.224511,0x3F8,0,8,
1537.234705,0x7E0,0,1,
1537.244788,0x3F3,0,8,
1537.254889,0x047,0,8,
1537.264953,0x5F9,0,8,
1537.275150,0x341,0,8,
1537.285251,0x6D4,0,6,
1537.295444,0x38A,0,8,
1537.305640,0x592,0,1,
1537.315707,0x74D,0,8,
1537.325806,0x1BD,0,8,
1537.335905,0x3F1,0,8,
1537.346043,0x0A0,0,8,
1537.356174,0x14F,0,8,
1537.366319,0x22C,0,1,
1537.376416,0x49F,0,5,
1537.386622,0x3EA,0,1,
1537.396776,0x686,0,8,
1537.406873,0x13B,0,8,
1537.417105,0x52C,0,4,
1537.427264,0x53B,0,8,
1537.437406,0x39F,0,8,
1537.447542,0x034,0,8,
1537.457655,0x458,0,7,
1537.467788,0x2E9,0,5,
1537.477872,0x243,0,6,
1537.487964,0x221,0,4,
1537.498185,0x0CF,0,2,
1537.508325,0x2CD,0,8,
1537.518565,0x61B,0,8,
1537.528672,0x61F,0,8,
1537.538801,0x31F,0,8,
1537.548877,0x73B,0,5,
1537.559084,0x1E8,0,6,
1537.569274,0x072,0,4,
1537.579339,0x7AA,0,8,
1537.589400,0x782,0,8,
1537.599501,0x1BC,0,7,
1537.609639,0x272,0,4,
1537.619713,0x57E,0,8,
1537.629775,0x1B9,0,1,
1537.639834,0x201,0,8,
1537.649933,0x5F5,0,1,
1537.660002,0x69D,0,3,
1537.670142,0x4EF,0,8,
1537.680360,0x5BD,0,8,
1537.690481,0x773,0,8,
1537.700602,0x519,0,8,
1537.710724,0x281,0,1,
1537.720853,0x724,0,3,
1537.730935,0x615,0,8,
1537.741089,0x0A1,0,8,
1537.751384,0x218,0,8,
1537.761674,0x54F,0,8,
1537.771878,0x072,0,8,
1537.782181,0x1E6,0,8,
1537.792493,0x28E,0,8,
1537.802785,0x606,0,3,
1537.813065,0x6B9,0,3,
1537.823282,0x146,0,8,
1537.833430,0x15C,0,3,
1537.843514,0x6B7,0,8,
1537.853803,0x7DF,0,1,
1537.864053,0x77E,0,1,
1537.874270,0x2D1,0,2,
1537.884560,0x554,0,7,
1537.894837,0x571,0,5,
1537.905046,0x67F,0,8,
1537.915198,0x052,0,8,
1537.925439,0x415,0,4,
1537.935681,0x69B,0,8,
1537.945752,0x2F0,0,8,
1537.955835,0x1E3,0,6,
1537.965976,0x1AC,0,8,
1537.976188,0x59A,0,3,
1537.986390,0x445,0,6,
1537.996501,0x1F6,0,8,
1538.006756,0x7C5,0,6,
1538.016958,0x6CD,0,3,
1538.027210,0x436,0,8,
1538.037452,0x5E6,0,8,
1538.047734,0x285,0,7,
1538.057986,0x77F,0,4,
1538.068270,0x2E1,0,2,
1538.078548,0x4D2,0,6,
1538.088835,0x096,0,8,
1538.099116,0x4F2,0,6,
1538.109398,0x496,0,5,
1538.119680,0x47D,0,3,
1538.129894,0x772,0,7,
1538.140192,0x136,0,7,
1538.150496,0x10D,0,8,
1538.160815,0x6B3,0,2,
1538.171062,0x502,0,1,
1538.181194,0x016,0,8,
1538.191399,0x71F,0,8,
1538.201607,0x2C3,0,4,
1538.211757,0x153,0,3,
1538.221933,0x2A9,0,5,
1538.232156,0x215,0,8,
1538.242325,0x32B,0,8,
1538.252464,0x2E9,0,8,
1538.262573,0x632,0,8,
1538.272806,0x6F3,0,8,
1538.282918,0x5C2,0,5,
1538.292993,0x4C6,0,8,
1538.303108,0x21C,0,3,
1538.313253,0x225,0,8,
1538.323365,0x6A5,0,7,
1538.333442,0x650,0,8,
1538.343756,0x060,0,8,
1538.353958,0x4B7,0,4,
1538.364034,0x713,0,8,
1538.374183,0x567,0,8,
1538.384288,0x240,0,8,
1538.394584,0x138,0,8,
1538.404629,0x227,0,1,
1538.414774,0x589,0,8,
1538.424961,0x3A0,0,8,
1538.435109,0x308,0,3,
1538.445186,0x2E1,0,8,
1538.455290,0x05B,0,8,
1538.465420,0x5A1,0,1,
1538.475557,0x5CC,0,7,
1538.485706,0x1A8,0,8,
1538.495785,0x302,0,8,
1538.505854,0x18B,0,8,
1538.515920,0x52C,0,8,
1538.525986,0x5C5,0,3,
1538.536123,0x25B,0,5,
1538.546225,0x20F,0,3,
1538.556418,0x570,0,7,
1538.566542,0x7B4,0,8,
1538.576681,0x490,0,5,
1538.586878,0x775,0,8,
1538.597031,0x4B8,0,6,
1538.607219,0x767,0,3,
1538.617407,0x753,0,8,
1538.627516,0x794,0,1,
1538.637701,0x150,0,8,
1538.647770,0x13C,0,2,
1538.657877,0x344,0,8,
1538.667950,0x40C,0,1,
1538.678065,0x367,0,1,
1538.688301,0x304,0,2,
1538.698513,0x1D6,0,4,
1538.708679,0x156,0,7,
1538.718800,0x14B,0,8,
1538.728969,0x240,0,8,
1538.739105,0x45F,0,6,
1538.749222,0x574,0,7,
1538.759426,0x40C,0,8,
1538.769622,0x62B,0,1,
1538.779685,0x1E5,0,8,
1538.789826,0x080,0,5,
1538.799936,0x6FB,0,8,
1538.810185,0x787,0,8,
1538.820261,0x484,0,4,
1538.830532,0x2B0,0,8,
1538.840819,0x565,0,5,
1538.851008,0x5AE,0,8,
1538.861089,0x2C9,0,4,
1538.871380,0x683,0,4,
1538.881525,0x00E,0,3,
1538.891604,0x1EF,0,8,
1538.901854,0x279,0,4,
1538.911925,0x585,0,6,
1538.922033,0x440,0,1,
1538.932176,0x1E6,0,5,
1538.942428,0x16F,0,6,
1538.952624,0x15A,0,8,
1538.962766,0x422,0,1,
1538.972914,0x2AA,0,7,
1538.983034,0x475,0,8,
1538.993224,0x092,0,8,
1539.003344,0x30F,0,1,
1539.013554,0x117,0,8,
1539.023837,0x544,0,8,
1539.034117,0x1EC,0,3,
1539.044336,0x05D,0,8,
1539.054546,0x1C1,0,7,
1539.064732,0x340,0,6,
1539.074843,0x15D,0,1,
1539.085068,0x2F7,0,3,
1539.095265,0x5A5,0,6,
1539.105561,0x5A9,0,8,
1539.115757,0x4D1,0,8,
1539.125852,0x7E0,0,8,
1539.136137,0x272,0,6,
1539.146427,0x4D5,0,5,
1539.156731,0x631,0,5,
1539.166851,0x145,0,8,
1539.176963,0x5BD,0,8,
1539.187266,0x6E2,0,8,
1539.197469,0x3DD,0,8,
1539.207618,0x386,0,8,
1539.217667,0x216,0,6,
1539.227785,0x4E4,0,3,
1539.237915,0x646,0,8,
1539.248140,0x6B6,0,8,
1539.258432,0x442,0,8,
1539.268650,0x2EA,0,3,
1539.278752,0x62B,0,8,
1539.288856,0x08E,0,8,
1539.298988,0x720,0,3,
1539.309286,0x3A2,0,1,
1539.319406,0x548,0,8,
1539.329707,0x499,0,6,
1539.339960,0x372,0,8,
1539.350043,0x2B0,0,8,
1539.360338,0x2BB,0,6,
1539.370641,0x4ED,0,1,
1539.380836,0x4FC,0,1,
1539.391082,0x045,0,2,
1539.401293,0x1AD,0,8,
1539.411407,0x72D,0,8,
1539.421615,0x35B,0,7,
1539.431728,0x702,0,6,
1539.441834,0x4E1,0,1,
1539.451922,0x223,0,2,
1539.462122,0x4F3,0,6,
1539.472219,0x153,0,8,
1539.482324,0x2AE,0,8,
1539.492404,0x542,0,1,
1539.502623,0x168,0,2,
1539.512766,0x56F,0,3,
1539.522844,0x628,0,8,
1539.533043,0x0F5,0,4,
1539.543278,0x42D,0,8,
1539.553516,0x666,0,8,
1539.563751,0x035,0,3,
1539.573942,0x3C9,0,1,
1539.584181,0x7AA,0,8,
1539.594453,0x516,0,8,
1539.604737,0x25B,0,8,
1539.614937,0x08D,0,8,
1539.625229,0x500,0,1,
1539.635383,0x18B,0,8,
1539.645670,0x7CE,0,8,
1539.655880,0x5CE,0,6,
1539.666166,0x6BF,0,8,
1539.676382,0x55A,0,7,
1539.686464,0x599,0,8,
1539.696682,0x00B,0,6,
1539.706774,0x789,0,1,
1539.716988,0x7A1,0,8,
1539.727206,0x404,0,8,
1539.737447,0x34F,0,8,
1539.747652,0x636,0,5,
1539.757785,0x039,0,1,
1539.767924,0x79F,0,7,
1539.778155,0x7E0,0,8,
1539.788391,0x2A8,0,8,
1539.798639,0x44D,0,6,
1539.808838,0x038,0,8,
1539.818979,0x3AC,0,7,
1539.829177,0x558,0,6,
1539.839419,0x3DE,0,1,
1539.849679,0x755,0,8,
1539.859782,0x4B8,0,8,
1539.869875,0x25A,0,8,
1539.880158,0x69D,0,8,
1539.890406,0x7C3,0,8,
1539.900651,0x20C,0,8,
1539.910790,0x251,0,6,
1539.921031,0x68B,0,1,
1539.931182,0x30D,0,8,
1539.941473,0x690,0,5,
1539.951675,0x7D7,0,8,
1539.961891,0x02B,0,8,
1539.972111,0x4F9,0,7,
1539.982359,0x707,0,2,
1539.992575,0x4DE,0,5,
1540.002758,0x543,0,3,
1540.012897,0x6CF,0,8,
1540.023106,0x312,0,8,
1540.033379,0x654,0,8,
1540.043583,0x788,0,8,
1540.053820,0x39B,0,4,
1540.064019,0x411,0,8,
1540.074258,0x3DA,0,8,
1540.084506,0x7DD,0,7,
1540.094727,0x108,0,8,
1540.104939,0x49C,0,8,
1540.115185,0x14C,0,7,
1540.125394,0x0EE,0,5,
1540.135640,0x09F,0,5,
1540.145851,0x097,0,8,
1540.156133,0x2DB,0,8,
1540.166381,0x1B0,0,8,
1540.176674,0x7D6,0,2,
1540.186891,0x2D3,0,8,
1540.197105,0x671,0,8,
1540.207313,0x443,0,8,
1540.217531,0x3F0,0,4,
1540.227738,0x7F9,0,8,
1540.237969,0x2F1,0,6,
1540.248218,0x6B2,0,8,
1540.258514,0x644,0,8,
1540.268748,0x4D8,0,1,
1540.278854,0x016,0,6,
1540.289060,0x5D6,0,5,
1540.299279,0x5BC,0,8,
1540.309564,0x632,0,7,
1540.319802,0x448,0,2,
1540.330022,0x241,0,8,
1540.340317,0x4A5,0,4,
1540.350624,0x24A,0,6,
1540.360885,0x770,0,8,
1540.371161,0x523,0,1,
1540.381467,0x6E1,0,8,
1540.391774,0x32A,0,2,
1540.401980,0x4F2,0,8,
1540.412293,0x5CB,0,7,
1540.422421,0x52B,0,3,
1540.432693,0x2C7,0,1,
1540.442819,0x06A,0,8,
1540.452910,0x5F6,0,6,
1540.463090,0x70B,0,8,
1540.473205,0x6BD,0,3,
1540.483281,0x40A,0,8,
1540.493400,0x772,0,8,
1540.503504,0x612,0,8,
1540.513562,0x3C6,0,2,
1540.523644,0x049,0,8,
1540.533726,0x0E2,0,8,
1540.543788,0x605,0,8,
1540.553991,0x0FD,0,7,
1540.564064,0x5E9,0,8,
1540.574206,0x62E,0,4,
1540.584443,0x16C,0,6,
1540.594643,0x055,0,6,
1540.604900,0x193,0,8,
1540.615190,0x7FC,0,8,
1540.625447,0x273,0,8,
1540.635654,0x3F2,0,8,
1540.645892,0x7B7,0,4,
1540.656088,0x72D,0,8,
1540.666279,0x521,0,3,
1540.676526,0x34C,0,8,
1540.686757,0x3DC,0,8,
1540.696945,0x495,0,1,
1540.707015,0x03C,0,3,
1540.717131,0x4D9,0,5,
1540.727208,0x45C,0,7,
1540.737401,0x13A,0,8,
1540.747672,0x3FD,0,8,
1540.757881,0x79F,0,1,
1540.767944,0x7DB,0,8,
1540.778181,0x62F,0,8,
1540.788416,0x655,0,1,
1540.798662,0x0CC,0,8,
1540.808846,0x586,0,8,
1540.819079,0x3D6,0,7,
1540.829369,0x2ED,0,3,
1540.839631,0x011,0,8,
1540.849840,0x352,0,7,
1540.860075,0x0AB,0,8,
1540.870356,0x23A,0,4,
1540.880599,0x1B3,0,6,
1540.890860,0x08C,0,8,
1540.901115,0x45E,0,8,
1540.911334,0x47D,0,8,
1540.921593,0x21A,0,8,
1540.931842,0x399,0,8,
1540.942084,0x6A6,0,8,
1540.952155,0x26B,0,3,
1540.962234,0x7FA,0,1,
1540.972329,0x76D,0,1,
1540.982418,0x298,0,8,
1540.992499,0x2F4,0,8,
1541.002730,0x124,0,6,
1541.012815,0x751,0,1,
1541.023000,0x1D4,0,8,
1541.033125,0x754,0,7,
1541.043361,0x021,0,1,
1541.053624,0x675,0,8,
1541.063901,0x46A,0,2,
1541.074152,0x07D,0,4,
1541.084419,0x74A,0,6,
1541.094703,0x6CE,0,1,
1541.104949,0x604,0,8,
1541.115157,0x563,0,8,
1541.125404,0x12B,0,1,
1541.135668,0x1CF,0,4,
1541.145876,0x72B,0,3,
1541.156133,0x66E,0,8,
1541.166320,0x309,0,8,
1541.176570,0x21F,0,8,
1541.186778,0x74A,0,4,
1541.196861,0x065,0,8,
1541.206937,0x154,0,8,
1541.217028,0x3EA,0,8,
1541.227222,0x1CC,0,7,
1541.237367,0x443,0,6,
1541.247538,0x07D,0,1,
1541.257885,0x706,0,1,
1541.268081,0x44B,0,8,
1541.278329,0x480,0,7,
1541.288548,0x13A,0,8,
1541.298764,0x13B,0,5,
1541.308832,0x313,0,8,
1541.318902,0x0B5,0,8,
1541.328967,0x568,0,4,
1541.339066,0x2FA,0,2,
1541.349180,0x448,0,8,
1541.359293,0x41D,0,8,
1541.369387,0x239,0,7,
1541.379477,0x35B,0,5,
1541.389548,0x46F,0,8,
1541.399634,0x51B,0,8,
1541.409699,0x2B0,0,1,
1541.419752,0x36E,0,8,
1541.429806,0x08B,0,8,
1541.439859,0x472,0,6,
1541.449916,0x63D,0,8,
1541.459996,0x22B,0,1,
1541.470237,0x556,0,1,
1541.480403,0x76D,0,8,
1541.490617,0x5B5,0,7,
1541.500825,0x770,0,8,
1541.511075,0x5C6,0,8,
1541.521323,0x79A,0,8,
1541.531524,0x395,0,6,
1541.541720,0x404,0,4,
1541.551922,0x294,0,8,
1541.562162,0x4F0,0,4,
1541.572410,0x540,0,8,
1541.582655,0x440,0,8,
1541.592908,0x04C,0,2,
1541.603132,0x792,0,8,
1541.613408,0x660,0,8,
1541.623698,0x7DA,0,6,
1541.633986,0x49E,0,7,
1541.644275,0x675,0,3,
1541.654558,0x1AE,0,5,
1541.664825,0x450,0,4,
1541.675125,0x173,0,8,
1541.685420,0x773,0,8,
1541.695633,0x6E1,0,7,
1541.705848,0x50C,0,5,
1541.716069,0x496,0,8,
1541.726285,0x6BA,0,7,
1541.736434,0x25B,0,8,
1541.746675,0x7A3,0,7,
1541.756972,0x3AC,0,5,
1541.767212,0x131,0,8,
1541.777464,0x0F2,0,8,
1541.787700,0x5C3,0,1,
1541.797946,0x053,0,8,
1541.808191,0x7E3,0,2,
1541.818453,0x21D,0,4,
1541.828626,0x176,0,1,
1541.838688,0x01F,0,8,
1541.848749,0x098,0,1,
1541.858810,0x461,0,4,
1541.868884,0x075,0,8,
1541.879015,0x7A1,0,8,
1541.889260,0x2CF,0,8,
1541.899337,0x229,0,2,
1541.909512,0x4A3,0,6,
1541.919715,0x1A7,0,5,
1541.929879,0x7E2,0,8,
1541.940086,0x6E1,0,5,
1541.950289,0x02A,0,4,
1541.960494,0x1DD,0,8,
1541.970716,0x136,0,8,
1541.980805,0x441,0,8,
1541.990890,0x78B,0,1,
1542.001126,0x397,0,4,
1542.011366,0x360,0,8,
1542.021508,0x5C8,0,6,
1542.031737,0x0F0,0,8,
1542.041866,0x305,0,8,
1542.051991,0x765,0,8,
1542.062270,0x631,0,8,
1542.072560,0x305,0,8,
1542.082715,0x1DE,0,7,
1542.092865,0x272,0,8,
1542.103155,0x08D,0,8,
1542.113438,0x7F3,0,8,
1542.123728,0x2A9,0,8,
1542.133814,0x665,0,8,
1542.143942,0x3D7,0,1,
1542.154231,0x34B,0,8,
1542.164525,0x615,0,8,
1542.174817,0x766,0,8,
1542.184900,0x282,0,7,
1542.195116,0x147,0,7,
1542.205320,0x416,0,8,
1542.215538,0x2B6,0,8,
1542.225661,0x4B5,0,8,
1542.235742,0x220,0,3,
1542.245821,0x0A3,0,2,
1542.255954,0x752,0,1,
1542.266100,0x72E,0,6,
1542.276248,0x39A,0,8,
1542.286534,0x070,0,1,
1542.296654,0x0C3,0,7,
1542.306820,0x7F1,0,8,
1542.316900,0x3B5,0,6,
1542.326984,0x2BA,0,8,
1542.337128,0x1E3,0,8,
1542.347235,0x372,0,8,
1542.357313,0x2C4,0,8,
1542.367543,0x3D7,0,8,
1542.377725,0x1D1,0,8,
1542.387808,0x336,0,1,
1542.397882,0x720,0,8,
1542.407958,0x084,0,2,
1542.418101,0x509,0,2,
1542.428234,0x5B8,0,3,
1542.438297,0x18A,0,8,
1542.448452,0x2A3,0,8,
1542.458526,0x26F,0,4,
1542.468657,0x65C,0,4,
1542.478748,0x09A,0,6,
1542.488828,0x140,0,8,
1542.498998,0x653,0,2,
1542.509143,0x5A8,0,7,
1542.519344,0x43B,0,8,
1542.529483,0x691,0,8,
1542.539549,0x20C,0,7,
1542.549624,0x1FE,0,8,
1542.559866,0x5A0,0,2,
1542.569986,0x79E,0,8,
1542.580054,0x234,0,7,
1542.590254,0x34D,0,8,
1542.600375,0x37F,0,1,
1542.610517,0x60C,0,8,
1542.620721,0x085,0,8,
1542.630785,0x413,0,8,
1542.640933,0x57F,0,3,
1542.651007,0x39D,0,2,
1542.661146,0x206,0,6,
1542.671322,0x4E9,0,1,
1542.681524,0x2C5,0,8,
1542.691616,0x44E,0,1,
1542.701714,0x542,0,8,
1542.711825,0x5FD,0,2,
1542.721934,0x0CE,0,8,
1542.732023,0x58C,0,2,
1542.742110,0x2F3,0,8,
1542.752255,0x6C1,0,2,
1542.762424,0x6C9,0,8,
1542.772489,0x461,0,8,
1542.782556,0x136,0,5,
1542.792679,0x06E,0,5,
1542.802786,0x5C8,0,8,
1542.812852,0x287,0,8,
1542.822920,0x551,0,1,
1542.833022,0x610,0,7,
1542.843187,0x2EB,0,8,
1542.853283,0x4E8,0,8,
1542.863347,0x0AA,0,6,
1542.873509,0x30F,0,8,
1542.883617,0x082,0,8,
1542.893828,0x47A,0,5,
1542.903930,0x174,0,8,
1542.914071,0x1E7,0,8,
1542.924212,0x00A,0,8,
1542.934355,0x78C,0,1,
1542.944428,0x6BE,0,8,
1542.954533,0x7F6,0,6,
1542.964637,0x406,0,8,
1542.974737,0x455,0,7,
1542.984816,0x1EE,0,5,
1542.994895,0x16E,0,8,
1543.004971,0x4C3,0,7,
1543.015136,0x506,0,8,
1543.025302,0x13D,0,5,
1543.035375,0x6E5,0,8,
1543.045451,0x0B1,0,8,
1543.055563,0x534,0,5,
1543.065778,0x69B,0,8,
1543.075855,0x263,0,5,
1543.086023,0x564,0,1,
1543.096101,0x7E6,0,2,
1543.106215,0x1EA,0,8,
1543.116327,0x0A9,0,1,
1543.126493,0x259,0,8,
1543.136657,0x748,0,7,
1543.146729,0x763,0,6,
1543.156869,0x120,0,6,
1543.167088,0x70D,0,6,
1543.177293,0x193,0,8,
1543.187411,0x63C,0,8,
1543.197630,0x209,0,8,
1543.207776,0x3D7,0,8,
1543.217890,0x112,0,3,
1543.227973,0x659,0,6,
1543.238091,0x118,0,8,
1543.248268,0x566,0,8,
1543.258392,0x7E0,0,1,
1543.268471,0x0DA,0,8,
1543.278682,0x541,0,4,
1543.288805,0x587,0,8,
1543.298973,0x77B,0,8,
1543.309082,0x53F,0,8,
1543.319242,0x110,0,8,
1543.329406,0x6C2,0,3,
1543.339698,0x497,0,8,
1543.349857,0x31B,0,1,
1543.359956,0x3EB,0,2,
1543.370092,0x5DE,0,8,
1543.380179,0x165,0,7,
1543.390279,0x074,0,8,
1543.400374,0x7F5,0,8,
1543.410511,0x37C,0,5,
1543.420741,0x52A,0,7,
1543.430847,0x05E,0,8,
1543.440930,0x78B,0,5,
1543.451003,0x6F4,0,6,
1543.461144,0x2CF,0,4,
1543.471272,0x7A2,0,8,
1543.481358,0x081,0,5,
1543.491439,0x682,0,8,
1543.501514,0x363,0,8,
1543.511604,0x3B9,0,8,
1543.521695,0x08F,0,8,
1543.531776,0x44D,0,5,
1543.541864,0x5CF,0,1,
1543.552019,0x473,0,4,
1543.562160,0x29B,0,8,
1543.572257,0x599,0,5,
1543.582330,0x446,0,7,
1543.592502,0x231,0,1,
1543.602645,0x3DC,0,5,
1543.612708,0x2D8,0,8,
1543.622872,0x559,0,8,
1543.632990,0x28A,0,8,
1543.643068,0x0DF,0,8,
1543.653178,0x2F3,0,3,
1543.663260,0x2A9,0,8,
1543.673343,0x392,0,8,
1543.683580,0x044,0,8,
1543.693703,0x52E,0,4,
1543.703772,0x4A0,0,1,
1543.713858,0x3D8,0,8,
1543.723948,0x190,0,2,
1543.734035,0x700,0,7,
1543.744245,0x769,0,1,
1543.754496,0x1A8,0,6,
1543.764736,0x257,0,1,
1543.774878,0x1F1,0,1,
1543.785107,0x6FB,0,8,
1543.795389,0x58B,0,8,
1543.805689,0x588,0,8,
1543.815904,0x41D,0,2,
1543.826203,0x72A,0,8,
1543.836464,0x36B,0,8,
1543.846660,0x78E,0,8,
1543.856881,0x583,0,8,
1543.867010,0x23A,0,8,
1543.877237,0x369,0,8,
1543.887324,0x2CD,0,8,
1543.897630,0x1A1,0,7,
1543.907816,0x39B,0,8,
1543.918115,0x57D,0,2,
1543.928359,0x7CA,0,8,
1543.938524,0x5A3,0,5,
1543.948639,0x3EA,0,8,
1543.958767,0x6A0,0,3,
1543.968928,0x3AC,0,8,
1543.979044,0x1A5,0,6,
1543.989255,0x26D,0,1,
1543.999492,0x245,0,8,
1544.009773,0x5A9,0,8,
1544.019948,0x62A,0,3,
1544.030077,0x124,0,3,
1544.040248,0x3AD,0,1,
1544.050529,0x3FD,0,8,
1544.060828,0x628,0,8,
1544.070955,0x099,0,5,
1544.081260,0x58B,0,3,
1544.091559,0x314,0,8,
1544.101844,0x729,0,8,
1544.112129,0x65C,0,8,
1544.122351,0x071,0,8,
1544.132643,0x086,0,6,
1544.142876,0x4DF,0,3,
1544.153010,0x726,0,4,
1544.163139,0x4EF,0,8,
1544.173300,0x6ED,0,8,
1544.183423,0x4B2,0,1,
1544.193658,0x4AC,0,1,
1544.203745,0x402,0,8,
1544.213826,0x5AF,0,8,
1544.223909,0x043,0,8,
1544.234025,0x5D0,0,8,
1544.244127,0x6AB,0,4,
1544.254294,0x0FD,0,4,
1544.264536,0x7E3,0,8,
1544.274714,0x39D,0,4,
1544.284798,0x162,0,4,
1544.294953,0x26B,0,1,
1544.305145,0x717,0,1,
1544.315407,0x565,0,6,
1544.325697,0x661,0,2,
1544.335988,0x71F,0,3,
1544.346258,0x463,0,8,
1544.356538,0x373,0,6,
1544.366749,0x476,0,2,
1544.377039,0x291,0,8,
1544.387320,0x76A,0,1,
1544.397618,0x287,0,6,
1544.407865,0x146,0,4,
1544.418116,0x3EA,0,8,
1544.428196,0x2DE,0,8,
1544.438416,0x17D,0,1,
1544.448623,0x3AC,0,8,
1544.458784,0x281,0,3,
1544.469000,0x57A,0,6,
1544.479087,0x6CA,0,8,
1544.489244,0x439,0,8,
1544.499496,0x6EE,0,8,
1544.509696,0x1B5,0,2,
1544.519799,0x102,0,8,
1544.529905,0x384,0,3,
1544.540011,0x2E4,0,8,
1544.550202,0x3F5,0,8,
1544.560338,0x105,0,8,
1544.570516,0x0F0,0,8,
1544.580641,0x664,0,8,
1544.590808,0x477,0,1,
1544.600994,0x00E,0,3,
1544.611273,0x3CA,0,8,
1544.621478,0x2E7,0,4,
1544.631701,0x276,0,1,
1544.641832,0x51F,0,8,
1544.652006,0x79A,0,8,
1544.662204,0x74B,0,1,
1544.672403,0x66F,0,8,
1544.682557,0x77B,0,4,
1544.692745,0x3E1,0,1,
1544.702842,0x4E3,0,6,
1544.712923,0x7CC,0,8,
1544.723135,0x511,0,8,
1544.733310,0x2D7,0,5,
1544.743475,0x48B,0,8,
1544.753628,0x357,0,8,
1544.763766,0x772,0,1,
1544.773896,0x729,0,8,
1544.784182,0x065,0,8,
1544.794417,0x40A,0,4,
1544.804564,0x04E,0,5,
1544.814821,0x191,0,8,
1544.825084,0x4F5,0,1,
1544.835294,0x7E7,0,1,
1544.845577,0x1F5,0,8,
1544.855883,0x6D0,0,8,
1544.866179,0x39F,0,8,
1544.876481,0x4C0,0,1,
1544.886717,0x759,0,7,
1544.896971,0x426,0,4,
1544.907257,0x6E6,0,8,
1544.917497,0x07D,0,8,
1544.927790,0x69E,0,6,
1544.938042,0x0B2,0,3,
1544.948244,0x145,0,8,
1544.958449,0x487,0,3,
1544.968672,0x062,0,8,
1544.978896,0x12D,0,7,
1544.989077,0x61A,0,4,
1544.999293,0x1C7,0,8,
1545.009497,0x4DD,0,8,
1545.019738,0x6E7,0,8,
1545.029944,0x734,0,7,
1545.040228,0x12E,0,8,
1545.050522,0x33E,0,4,
1545.060800,0x271,0,5,
1545.071074,0x4D2,0,8,
1545.081367,0x07E,0,1,
1545.091644,0x295,0,1,
1545.101851,0x274,0,8,
1545.112130,0x5ED,0,8,
1545.122426,0x56E,0,8,
1545.132706,0x514,0,8,
1545.142922,0x3A6,0,8,
1545.153213,0x7B0,0,8,
1545.163498,0x33D,0,8,
1545.173786,0x606,0,4,
1545.183926,0x50A,0,8,
1545.194142,0x5CB,0,8,
1545.204343,0x3C8,0,8,
1545.214476,0x38D,0,8,
1545.224711,0x32F,0,8,
1545.234798,0x128,0,8,
1545.245038,0x3CF,0,8,
1545.255250,0x4DD,0,3,
1545.265489,0x799,0,8,
1545.275786,0x53F,0,7,
1545.286038,0x11A,0,3,
1545.296319,0x3A3,0,1,
1545.306596,0x582,0,3,
1545.316778,0x22F,0,8,
1545.327025,0x7E0,0,5,
1545.337242,0x2E4,0,8,
1545.347494,0x56F,0,8,
1545.357726,0x323,0,7,
1545.367860,0x1B9,0,1,
1545.378095,0x771,0,8,
1545.388275,0x70F,0,8,
1545.398489,0x095,0,8,
1545.408722,0x457,0,3,
1545.418834,0x122,0,1,
1545.428909,0x03E,0,1,
1545.439006,0x0F8,0,8,
1545.449193,0x0B5,0,8,
1545.459348,0x619,0,7,
1545.469507,0x7EE,0,8,
1545.479701,0x6F6,0,8,
1545.489800,0x07D,0,8,
1545.499906,0x4B9,0,8,
1545.510004,0x28A,0,8,
1545.520212,0x724,0,3,
1545.530415,0x68D,0,5,
1545.540694,0x12C,0,8,
1545.550968,0x72F,0,1,
1545.561260,0x07C,0,6,
1545.571554,0x734,0,8,
1545.581838,0x777,0,2,
1545.592113,0x000,0,8,
1545.602367,0x0CB,0,5,
1545.612657,0x50A,0,4,
1545.622908,0x6EC,0,8,
1545.633116,0x72D,0,2,
1545.643396,0x4C6,0,8,
1545.653625,0x7BD,0,1,
1545.663870,0x597,0,7,
1545.674126,0x15D,0,8,
1545.684416,0x68A,0,8,
1545.694617,0x351,0,6,
1545.704825,0x587,0,1,
1545.715065,0x178,0,3,
1545.725283,0x607,0,8,
1545.735545,0x7A2,0,8,
1545.745698,0x01F,0,2,
1545.755848,0x5ED,0,8,
1545.766001,0x057,0,7,
1545.776289,0x7CE,0,3,
1545.786549,0x7EF,0,8,
1545.796786,0x525,0,5,
1545.806991,0x6A6,0,2,
1545.817224,0x635,0,8,
1545.827531,0x729,0,2,
1545.837743,0x0F9,0,4,
1545.847881,0x77D,0,8,
1545.858132,0x56A,0,4,
1545.868372,0x6CB,0,2,
1545.878601,0x308,0,2,
1545.888828,0x78F,0,8,
1545.898990,0x250,0,8,
1545.909215,0x24C,0,8,
1545.919428,0x098,0,3,
1545.929515,0x334,0,6,
1545.939687,0x1E6,0,3,
1545.949788,0x762,0,8,
1545.959922,0x7D9,0,8,
1545.970098,0x3EE,0,8,
1545.980195,0x245,0,7,
1545.990368,0x5A1,0,8,
1546.000574,0x0CB,0,8,
1546.010741,0x78A,0,6,
1546.020846,0x222,0,5,
1546.030909,0x518,0,8,
1546.041066,0x328,0,7,
1546.051270,0x7D4,0,8,
1546.061483,0x455,0,1,
1546.071564,0x5B6,0,8,
1546.081681,0x4C3,0,8,
1546.091751,0x554,0,8,
1546.101819,0x40E,0,6,
1546.111991,0x5B5,0,7,
1546.122059,0x2BE,0,3,
1546.132226,0x1F5,0,3,
1546.142425,0x4BA,0,6,
1546.152619,0x042,0,6,
1546.162830,0x4B4,0,8,
1546.173093,0x3BC,0,7,
1546.183338,0x622,0,4,
1546.193535,0x401,0,8,
1546.203734,0x57C,0,6,
1546.213943,0x6C2,0,1,
1546.224159,0x5F6,0,8,
1546.234371,0x6BF,0,8,
1546.244581,0x563,0,3,
1546.254855,0x163,0,1,
1546.265078,0x0C9,0,8,
1546.275363,0x558,0,7,
1546.285655,0x0BB,0,8,
1546.295875,0x08A,0,6,
1546.306090,0x6E4,0,8,
1546.316373,0x2FC,0,8,
1546.326662,0x099,0,8,
1546.336966,0x26F,0,8,
1546.347176,0x78C,0,1,
1546.357480,0x005,0,8,
1546.367723,0x247,0,8,
1546.377953,0x6DA,0,8,
1546.388236,0x340,0,8,
1546.398458,0x2F7,0,3,
1546.408752,0x1AC,0,8,
1546.419039,0x214,0,5,
1546.429336,0x373,0,8,
1546.439625,0x5FC,0,8,
1546.449770,0x6BA,0,6,
1546.459924,0x1A5,0,8,
1546.470105,0x753,0,1,
1546.480222,0x136,0,8,
1546.490444,0x359,0,6,
1546.500692,0x6A8,0,5,
1546.510958,0x217,0,8,
1546.521164,0x7EE,0,8,
1546.531398,0x576,0,8,
1546.541690,0x49B,0,6,
1546.551957,0x461,0,3,
1546.562247,0x15A,0,8,
1546.572470,0x3EE,0,8,
1546.582753,0x082,0,1,
1546.593039,0x2DB,0,8,
1546.603308,0x390,0,5,
1546.613592,0x504,0,5,
1546.623821,0x733,0,8,
1546.634108,0x1D6,0,8,
1546.644402,0x445,0,8,
1546.654661,0x40F,0,8,
1546.664807,0x015,0,6,
1546.675059,0x19B,0,3,
1546.685355,0x284,0,1,
1546.695557,0x6CB,0,1,
1546.705791,0x7C8,0,8,
1546.716001,0x6B3,0,2,
1546.726258,0x139,0,1,
1546.736510,0x490,0,8,
1546.746734,0x202,0,8,
1546.756816,0x039,0,3,
1546.767029,0x100,0,8,
1546.777320,0x2C8,0,3,
1546.787548,0x195,0,8,
1546.797838,0x09D,0,8,
1546.808116,0x1CE,0,8,
1546.818399,0x0C8,0,3,
1546.828686,0x2D3,0,3,
1546.838928,0x1E6,0,7,
1546.849189,0x175,0,1,
1546.859486,0x477,0,8,
1546.869788,0x3DD,0,8,
1546.880068,0x25F,0,6,
1546.890278,0x5CB,0,8,
1546.900418,0x6D1,0,8,
1546.910634,0x65B,0,8,
1546.920900,0x561,0,8,
1546.930992,0x448,0,8,
1546.941090,0x78F,0,8,
1546.951306,0x4C8,0,8,
1546.961518,0x3B8,0,7,
1546.971724,0x4D8,0,1,
1546.981825,0x07A,0,8,
1546.991917,0x6E3,0,1,
1547.002178,0x503,0,8,
1547.012289,0x312,0,8,
1547.022402,0x195,0,1,
1547.032604,0x4A5,0,4,
1547.042841,0x406,0,1,
1547.053121,0x2E4,0,8,
1547.063366,0x23E,0,8,
1547.073490,0x1E2,0,8,
1547.083725,0x09A,0,8,
1547.094021,0x7C9,0,8,
1547.104262,0x408,0,1,
1547.114550,0x055,0,1,
1547.124817,0x328,0,8,
1547.135124,0x440,0,3,
1547.145336,0x4D9,0,3,
1547.155638,0x604,0,8,
1547.165917,0x37C,0,6,
1547.176149,0x357,0,1,
1547.186444,0x006,0,8,
1547.196646,0x106,0,8,
1547.206848,0x26C,0,8,
1547.217062,0x6E5,0,8,
1547.227185,0x529,0,7,
1547.237401,0x44A,0,3,
1547.247726,0x6F2,0,3,
1547.258014,0x5ED,0,8,
1547.268303,0x0A5,0,2,
1547.278588,0x2BA,0,8,
1547.288857,0x370,0,8,
1547.299134,0x770,0,8,
1547.309426,0x21D,0,4,
1547.319746,0x226,0,8,
1547.329964,0x68B,0,8,
1547.340262,0x2AB,0,1,
1547.350570,0x579,0,1,
1547.360850,0x29E,0,6,
1547.371143,0x79B,0,3,
1547.381388,0x491,0,4,
1547.391679,0x24B,0,8,
1547.401948,0x287,0,8,
1547.412232,0x4EF,0,4,
1547.422518,0x437,0,4,
1547.432748,0x6B7,0,1,
1547.442928,0x161,0,7,
1547.453135,0x5EB,0,2,
1547.463341,0x271,0,8,
1547.473552,0x646,0,8,
1547.483794,0x5A2,0,1,
1547.493891,0x215,0,8,
1547.504111,0x363,0,8,
1547.514235,0x3FE,0,1,
1547.524445,0x775,0,8,
1547.534684,0x785,0,6,
1547.544950,0x05D,0,1,
1547.555169,0x4E1,0,4,
1547.565381,0x30D,0,1,
1547.575604,0x359,0,4,
1547.585829,0x764,0,1,
1547.596070,0x635,0,6,
1547.606343,0x437,0,1,
1547.616491,0x198,0,8,
1547.626718,0x428,0,8,
1547.636813,0x341,0,8,
1547.646902,0x4B0,0,6,
1547.657081,0x217,0,3,
1547.667242,0x4E5,0,5,
1547.677468,0x614,0,8,
1547.687605,0x1AE,0,8,
1547.697779,0x060,0,8,
1547.707853,0x769,0,2,
1547.717928,0x4F0,0,6,
1547.728147,0x712,0,8,
1547.738273,0x1BA,0,7,
1547.748365,0x259,0,8,
1547.758595,0x73D,0,1,
1547.768784,0x40F,0,5,
1547.779028,0x539,0,8,
1547.789144,0x0B3,0,8,
1547.799370,0x202,0,3,
1547.809594,0x5D1,0,8,
1547.819727,0x576,0,6,
1547.829872,0x22F,0,8,
1547.840022,0x711,0,8,
1547.850255,0x124,0,1,
1547.860376,0x5E9,0,8,
1547.870583,0x4B3,0,8,
1547.880777,0x304,0,6,
1547.890900,0x322,0,8,
1547.901130,0x23D,0,8,
1547.911350,0x4AE,0,8,
1547.921589,0x40C,0,8,
1547.931818,0x24F,0,5,
1547.942052,0x0F6,0,2,
1547.952264,0x1C0,0,8,
1547.962475,0x066,0,1,
1547.972645,0x712,0,8,
1547.982782,0x247,0,2,
1547.992920,0x167,0,8,
1548.003202,0x520,0,8,
1548.013441,0x0CA,0,8,
1548.023606,0x31A,0,8,
1548.033787,0x5E3,0,8,
1548.043940,0x143,0,5,
1548.054049,0x2DD,0,1,
1548.064294,0x681,0,8,
1548.074583,0x4FA,0,8,
1548.084763,0x04A,0,8,
1548.095034,0x3D2,0,1,
1548.105163,0x24C,0,2,
1548.115417,0x438,0,2,
1548.125713,0x523,0,8,
1548.135865,0x08E,0,8,
1548.146134,0x48D,0,6,
1548.156213,0x0C3,0,8,
1548.166300,0x482,0,8,
1548.176404,0x4B6,0,8,
1548.186629,0x70B,0,8,
1548.196776,0x5BA,0,8,
1548.206886,0x39F,0,8,
1548.217035,0x3CF,0,1,
1548.227157,0x024,0,8,
1548.237377,0x4AD,0,8,
1548.247578,0x013,0,8,
1548.257766,0x1AE,0,8,
1548.267860,0x612,0,6,
1548.277960,0x511,0,5,
1548.288239,0x131,0,8,
1548.298542,0x2A0,0,8,
1548.308832,0x795,0,4,
1548.318912,0x76B,0,7,
1548.329161,0x4F1,0,2,
1548.339311,0x3B3,0,8,
1548.349574,0x6BB,0,8,
1548.359832,0x44B,0,8,
1548.370042,0x206,0,8,
1548.380164,0x47A,0,8,
1548.390401,0x0E3,0,7,
1548.400599,0x298,0,6,
1548.410817,0x1A7,0,6,
1548.420895,0x355,0,8,
1548.430973,0x22C,0,6,
1548.441183,0x2EE,0,8,
1548.451397,0x606,0,8,
1548.461568,0x11C,0,8,
1548.471698,0x0F3,0,8,
1548.481824,0x1B3,0,4,
1548.491909,0x4AA,0,6,
1548.502123,0x1E1,0,5,
1548.512418,0x6D4,0,8,
1548.522592,0x5C0,0,8,
1548.532659,0x646,0,8,
1548.542845,0x304,0,8,
1548.553085,0x362,0,8,
1548.563144,0x020,0,8,
1548.573262,0x1E2,0,5,
1548.583480,0x4C2,0,8,
1548.593689,0x3DC,0,1,
1548.603877,0x76D,0,2,
1548.613940,0x53F,0,8,
1548.624079,0x77D,0,2,
1548.634298,0x111,0,1,
1548.644400,0x417,0,8,
1548.654583,0x697,0,8,
1548.664669,0x121,0,8,
1548.674710,0x424,0,1,
1548.684787,0x646,0,8,
1548.695097,0x11B,0,8,
1548.705164,0x193,0,8,
1548.715241,0x6E7,0,3,
1548.725328,0x186,0,8,
1548.735422,0x529,0,8,
1548.745641,0x4D8,0,5,
1548.755721,0x5F9,0,5,
1548.765809,0x2E7,0,8,
1548.775874,0x4CF,0,4,
1548.786106,0x16B,0,1,
1548.796315,0x395,0,2,
1548.806388,0x39C,0,8,
1548.816567,0x37A,0,8,
1548.826745,0x797,0,8,
1548.836813,0x39E,0,8,
1548.846987,0x208,0,8,
1548.857172,0x728,0,8,
1548.867375,0x137,0,8,
1548.877569,0x54F,0,8,
1548.887619,0x6D8,0,8,
1548.897802,0x106,0,1,
1548.908012,0x37D,0,8,
1548.918214,0x7F6,0,4,
1548.928378,0x237,0,5,
1548.938594,0x0C8,0,2,
1548.948620,0x2A6,0,8,
1548.958688,0x124,0,2,
1548.968779,0x689,0,8,
1548.978882,0x2FF,0,1,
1548.989076,0x43C,0,8,
1548.999291,0x3FE,0,4,
1549.009491,0x356,0,6,
1549.019702,0x1E0,0,8,
1549.029897,0x135,0,8,
1549.040033,0x74B,0,8,
1549.050209,0x1A7,0,1,
1549.060391,0x3BF,0,4,
1549.070498,0x750,0,5,
1549.080679,0x388,0,7,
1549.090785,0x07B,0,1,
1549.100947,0x52A,0,1,
1549.111051,0x0AE,0,8,
1549.121156,0x163,0,7,
1549.131274,0x2ED,0,2,
1549.141485,0x558,0,8,
1549.151593,0x2FF,0,7,
1549.161786,0x56E,0,5,
1549.171861,0x47D,0,8,
1549.182094,0x2E3,0,3,
1549.192324,0x67D,0,8,
1549.202394,0x5C1,0,4,
1549.212462,0x27F,0,1,
1549.222633,0x548,0,8,
1549.232740,0x535,0,1,
1549.242965,0x356,0,1,
1549.253068,0x520,0,1,
1549.263182,0x0D1,0,8,
1549.273413,0x6CF,0,4,
1549.283482,0x506,0,8,
1549.293582,0x696,0,8,
1549.303784,0x0E5,0,5,
1549.313853,0x3B5,0,3,
1549.323918,0x7EB,0,3,
1549.333986,0x5A1,0,8,
1549.344218,0x5E6,0,8,
1549.354349,0x4FC,0,7,
1549.364548,0x442,0,8,
1549.374813,0x527,0,8,
1549.384992,0x14A,0,8,
1549.395174,0x25A,0,1,
1549.405373,0x00D,0,8,
1549.415577,0x521,0,8,
1549.425790,0x549,0,1,
1549.435851,0x313,0,8,
1549.445918,0x5AC,0,8,
1549.455984,0x4AE,0,1,
1549.466101,0x33F,0,3,
1549.476216,0x4E5,0,8,
1549.486478,0x096,0,6,
1549.496551,0x5F8,0,8,
1549.506777,0x6A5,0,4,
1549.516843,0x223,0,7,
1549.527049,0x26F,0,8,
1549.537271,0x472,0,8,
1549.547407,0x1A7,0,8,
1549.557568,0x059,0,4,
1549.567620,0x647,0,8,
1549.577798,0x292,0,1,
1549.587902,0x16A,0,5,
1549.597995,0x5E0,0,6,
1549.608197,0x74F,0,8,
1549.618328,0x5A8,0,8,
1549.628459,0x2F2,0,8,
1549.638669,0x5B8,0,8,
1549.648808,0x513,0,1,
1549.658874,0x205,0,8,
1549.668939,0x6A4,0,8,
1549.679064,0x6A0,0,3,
1549.689265,0x373,0,2,
1549.699366,0x4CC,0,8,
1549.709531,0x1DE,0,5,
1549.719712,0x6CE,0,6,
1549.729782,0x2A0,0,1,
1549.739894,0x3B7,0,8,
1549.750003,0x706,0,7,
1549.760197,0x321,0,5,
1549.770403,0x426,0,8,
1549.780599,0x0E3,0,8,
1549.790771,0x356,0,8,
1549.800837,0x2A0,0,8,
1549.810904,0x24B,0,5,
1549.820969,0x422,0,8,
1549.831096,0x0CE,0,2,
1549.841220,0x202,0,1,
1549.851284,0x5D4,0,8,
1549.861348,0x15B,0,2,
1549.871445,0x3F3,0,8,
1549.881649,0x7D8,0,3,
1549.891774,0x189,0,8,
1549.901839,0x29E,0,8,
1549.911903,0x527,0,8,
1549.922013,0x6E4,0,8,
1549.932119,0x688,0,7,
1549.942221,0x065,0,8,
1549.952322,0x662,0,5,
1549.962389,0x247,0,8,
1549.972576,0x7AB,0,8,
1549.982767,0x19C,0,8,
1549.992849,0x12B,0,8,
1550.002925,0x4BA,0,8,
1550.013001,0x26C,0,5,
1550.023234,0x6B2,0,1,
1550.033348,0x63E,0,8,
1550.043455,0x4F3,0,7,
1550.053562,0x21A,0,1,
1550.063738,0x057,0,1,
1550.073839,0x550,0,8,
1550.083943,0x08E,0,8,
1550.094050,0x703,0,3,
1550.104326,0x5B6,0,5,
1550.114625,0x3F8,0,8,
1550.124838,0x613,0,3,
1550.134956,0x667,0,8,
1550.145238,0x41C,0,3,
1550.155527,0x34E,0,6,
1550.165821,0x692,0,8,
1550.175940,0x6EB,0,4,
1550.186056,0x41A,0,8,
1550.196257,0x3CF,0,8,
1550.206498,0x4F1,0,8,
1550.216648,0x09F,0,8,
1550.226770,0x52A,0,1,
1550.236899,0x483,0,8,
1550.247031,0x1C8,0,6,
1550.257234,0x6AB,0,8,
1550.267519,0x0EC,0,3,
1550.277632,0x77D,0,8,
1550.287912,0x647,0,4,
1550.298150,0x6AE,0,3,
1550.308435,0x577,0,8,
1550.318714,0x33A,0,8,
1550.328872,0x7B7,0,5,
1550.339020,0x14E,0,1,
1550.349245,0x74F,0,8,
1550.359359,0x4DF,0,1,
1550.369641,0x306,0,8,
1550.379844,0x188,0,1,
1550.389977,0x36F,0,8,
1550.400148,0x5E8,0,7,
1550.410440,0x192,0,3,
1550.420559,0x4B6,0,8,
1550.430838,0x737,0,3,
1550.441131,0x17D,0,8,
1550.451332,0x218,0,8,
1550.461447,0x7E1,0,8,
1550.471626,0x228,0,8,
1550.481755,0x399,0,8,
1550.491843,0x541,0,8,
1550.502136,0x5B0,0,1,
1550.512253,0x205,0,1,
1550.522539,0x0D0,0,8,
1550.532658,0x00F,0,8,
1550.542939,0x53C,0,8,
1550.553119,0x063,0,5,
1550.563357,0x0B5,0,5,
1550.573476,0x7B8,0,8,
1550.583765,0x473,0,8,
1550.593885,0x19F,0,1,
1550.604179,0x46D,0,7,
1550.614372,0x61C,0,8,
1550.624669,0x347,0,4,
1550.634822,0x76A,0,1,
1550.644936,0x223,0,8,
1550.655142,0x3C8,0,3,
1550.665342,0x13B,0,8,
1550.675552,0x263,0,8,
1550.685745,0x2DA,0,2,
1550.695842,0x463,0,6,
1550.705943,0x5F0,0,7,
1550.716046,0x33B,0,6,
1550.726200,0x6BC,0,4,
1550.736397,0x412,0,1,
1550.746600,0x1E3,0,1,
1550.756756,0x120,0,1,
1550.766849,0x169,0,8,
1550.777070,0x2A0,0,1,
1550.787233,0x780,0,8,
1550.797522,0x390,0,3,
1550.807709,0x6B6,0,8,
1550.817866,0x177,0,1,
1550.828011,0x527,0,8,
1550.838238,0x1FD,0,1,
1550.848547,0x64D,0,1,
1550.858823,0x017,0,8,
1550.868909,0x327,0,3,
1550.878986,0x2E3,0,4,
1550.889131,0x647,0,5,
1550.899285,0x514,0,8,
1550.909487,0x4A7,0,4,
1550.919696,0x67B,0,1,
1550.929830,0x571,0,8,
1550.939931,0x2C0,0,1,
1550.950041,0x326,0,1,
1550.960203,0x695,0,8,
1550.970380,0x5A9,0,8,
1550.980631,0x1CD,0,1,
1550.990741,0x3E6,0,8,
1551.000840,0x2D1,0,3,
1551.010965,0x22B,0,8,
1551.021114,0x671,0,2,
1551.031363,0x63C,0,4,
1551.041638,0x736,0,3,
1551.051923,0x04A,0,8,
1551.062205,0x4AD,0,1,
1551.072460,0x27F,0,8,
1551.082580,0x301,0,1,
1551.092843,0x444,0,1,
1551.103144,0x4E1,0,8,
1551.113431,0x411,0,6,
1551.123721,0x146,0,8,
1551.133875,0x382,0,4,
1551.144150,0x48B,0,8,
1551.154374,0x6DE,0,8,
1551.164658,0x19C,0,8,
1551.174843,0x246,0,8,
1551.185127,0x65C,0,2,
1551.195374,0x162,0,2,
1551.205587,0x505,0,8,
1551.215813,0x1DD,0,2,
1551.225898,0x69D,0,8,
1551.235988,0x4DB,0,8,
1551.246217,0x44C,0,1,
1551.256513,0x75F,0,8,
1551.266735,0x08A,0,1,
1551.276873,0x4A4,0,1,
1551.287172,0x52B,0,6,
1551.297417,0x4E5,0,7,
1551.307538,0x78F,0,3,
1551.317738,0x114,0,8,
1551.327816,0x4CD,0,8,
1551.337948,0x139,0,8,
1551.348234,0x3DC,0,8,
1551.358511,0x0BB,0,1,
1551.368712,0x447,0,8,
1551.378788,0x293,0,4,
1551.388892,0x6F4,0,8,
1551.398959,0x482,0,1,
1551.409084,0x08F,0,1,
1551.419206,0x46E,0,8,
1551.429342,0x752,0,2,
1551.439543,0x2EA,0,8,
1551.449616,0x138,0,8,
1551.459694,0x634,0,8,
1551.469865,0x393,0,8,
1551.479946,0x1F4,0,1,
1551.490195,0x2A2,0,8,
1551.500399,0x389,0,8,
1551.510595,0x5C9,0,4,
1551.520707,0x75F,0,1,
1551.530832,0x6DD,0,3,
1551.541037,0x4F5,0,1,
1551.551232,0x162,0,7,
1551.561421,0x112,0,1,
1551.571616,0x559,0,1,
1551.581685,0x30A,0,8,
1551.591797,0x692,0,5,
1551.601898,0x128,0,8,
1551.611967,0x5C4,0,8,
1551.622035,0x092,0,7,
1551.632178,0x6A5,0,6,
1551.642313,0x1B7,0,8,
1551.652539,0x5B4,0,1,
1551.662677,0x7C6,0,8,
1551.672721,0x185,0,6,
1551.682788,0x58D,0,2,
1551.692855,0x119,0,2,
1551.702922,0x633,0,8,
1551.712994,0x3FA,0,5,
1551.723106,0x46C,0,3,
1551.733331,0x4C5,0,6,
1551.743521,0x5FE,0,7,
1551.753688,0x56B,0,6,
1551.763796,0x322,0,1,
1551.773871,0x683,0,4,
1551.784070,0x487,0,8,
1551.794180,0x63B,0,8,
1551.804250,0x671,0,8,
1551.814469,0x37F,0,7,
1551.824651,0x76C,0,4,
1551.834835,0x55D,0,8,
1551.844912,0x566,0,6,
1551.855035,0x77C,0,8,
1551.865181,0x0F1,0,6,
1551.875396,0x2DF,0,8,
1551.885683,0x4C9,0,5,
1551.895782,0x4D4,0,7,
1551.905865,0x2FC,0,8,
1551.915946,0x1ED,0,8,
1551.926091,0x56F,0,1,
1551.936264,0x1D3,0,7,
1551.946419,0x59A,0,8,
1551.956568,0x036,0,8,
1551.966745,0x3FD,0,5,
1551.976832,0x242,0,8,
1551.986916,0x0BA,0,1,
1551.997001,0x062,0,1,
1552.007110,0x616,0,8,
1552.017264,0x1BA,0,8,
1552.027428,0x354,0,8,
1552.037718,0x465,0,8,
1552.047798,0x43F,0,8,
1552.057876,0x2E4,0,8,
1552.067953,0x379,0,2,
1552.078098,0x55A,0,8,
1552.088251,0x543,0,8,
1552.098402,0x2DF,0,8,
1552.108648,0x73B,0,5,
1552.118842,0x6E8,0,8,
1552.128923,0x6CB,0,8,
1552.138993,0x6A1,0,5,
1552.149087,0x0CA,0,3,
1552.159306,0x5A5,0,1,
1552.169504,0x6E2,0,1,
1552.179688,0x5E9,0,6,
1552.189789,0x3FA,0,8,
1552.199897,0x254,0,8,
1552.210022,0x388,0,8,
1552.220204,0x774,0,1,
1552.230333,0x20A,0,8,
1552.240537,0x7E9,0,8,
1552.250707,0x3FB,0,8,
1552.260855,0x22A,0,6,
1552.270951,0x5DE,0,2,
1552.281182,0x66E,0,8,
1552.291392,0x23D,0,8,
1552.301595,0x42E,0,7,
1552.311707,0x413,0,4,
1552.321807,0x1E8,0,5,
1552.331912,0x134,0,1,
1552.342020,0x52B,0,8,
1552.352226,0x220,0,8,
1552.362289,0x567,0,8,
1552.372462,0x4B8,0,8,
1552.382658,0x4A9,0,2,
1552.392780,0x1AA,0,2,
1552.402883,0x610,0,5,
1552.412947,0x75B,0,8,
1552.423011,0x0DC,0,8,
1552.433227,0x14D,0,8,
1552.443350,0x1E3,0,8,
1552.453506,0x45A,0,2,
1552.463684,0x691,0,8,
1552.473812,0x7E6,0,8,
1552.483943,0x362,0,8,
1552.494022,0x04B,0,8,
1552.504190,0x648,0,8,
1552.514395,0x00D,0,8,
1552.524591,0x013,0,5,
1552.534741,0x08A,0,8,
1552.544807,0x387,0,4,
1552.554902,0x14F,0,7,
1552.565003,0x7DA,0,8,
1552.575201,0x1D2,0,6,
1552.585409,0x5E4,0,8,
1552.595539,0x000,0,8,
1552.605691,0x6A9,0,8,
1552.615829,0x5DA,0,8,
1552.626036,0x4C7,0,1,
1552.636257,0x5B4,0,8,
1552.642726,0x6DA,0,1,
